policy_id,employment_category,vehicle_eligibility,interest_rate,max_tenure_months,max_dbr_percent,min_income_egp,full_policy_text
POL-001,Salaried (Public Sector),Commercial Trucks,14.77,60,40,25000,This policy applies to Salaried (Public Sector) applicants purchasing Commercial Trucks vehicles. The interest rate is set at 14.77% with a maximum repayment period of 60 months. Applicants must not exceed a Debt Burden Ratio (DBR) of 40%. Minimum verifiable monthly income requirement is 25000 EGP.
POL-002,Freelancer (Creative),Commercial Trucks,20.51,84,55,5000,This policy applies to Freelancer (Creative) applicants purchasing Commercial Trucks vehicles. The interest rate is set at 20.51% with a maximum repayment period of 84 months. Applicants must not exceed a Debt Burden Ratio (DBR) of 55%. Minimum verifiable monthly income requirement is 5000 EGP.
POL-003,Salaried (Private),New Only,14.62,84,60,7000,This policy applies to Salaried (Private) applicants purchasing New Only vehicles. The interest rate is set at 14.62% with a maximum repayment period of 84 months. Applicants must not exceed a Debt Burden Ratio (DBR) of 60%. Minimum verifiable monthly income requirement is 7000 EGP.
POL-004,Freelancer (Creative),Used (Up to 5 yrs),21.07,48,60,5000,This policy applies to Freelancer (Creative) applicants purchasing Used (Up to 5 yrs) vehicles. The interest rate is set at 21.07% with a maximum repayment period of 48 months. Applicants must not exceed a Debt Burden Ratio (DBR) of 60%. Minimum verifiable monthly income requirement is 5000 EGP.
POL-005,Retired / Pensioner,New Only,16.94,96,55,7000,This policy applies to Retired / Pensioner applicants purchasing New Only vehicles. The interest rate is set at 16.94% with a maximum repayment period of 96 months. Applicants must not exceed a Debt Burden Ratio (DBR) of 55%. Minimum verifiable monthly income requirement is 7000 EGP.
POL-006,Retired / Pensioner,Electric/Hybrid,13.03,48,60,40000,This policy applies to Retired / Pensioner applicants purchasing Electric/Hybrid vehicles. The interest rate is set at 13.03% with a maximum repayment period of 48 months. Applicants must not exceed a Debt Burden Ratio (DBR) of 60%. Minimum verifiable monthly income requirement is 40000 EGP.
POL-007,Corporate (Local LLC),Commercial Trucks,15.06,84,45,10000,This policy applies to Corporate (Local LLC) applicants purchasing Commercial Trucks vehicles. The interest rate is set at 15.06% with a maximum repayment period of 84 months. Applicants must not exceed a Debt Burden Ratio (DBR) of 45%. Minimum verifiable monthly income requirement is 10000 EGP.
POL-008,Expat (Remittance),Used (Up to 5 yrs),18.68,60,40,5000,This policy applies to Expat (Remittance) applicants purchasing Used (Up to 5 yrs) vehicles. The interest rate is set at 18.68% with a maximum repayment period of 60 months. Applicants must not exceed a Debt Burden Ratio (DBR) of 40%. Minimum verifiable monthly income requirement is 5000 EGP.
POL-009,Self-Employed (Commercial),Commercial Trucks,19.14,72,60,25000,This policy applies to Self-Employed (Commercial) applicants purchasing Commercial Trucks vehicles. The interest rate is set at 19.14% with a maximum repayment period of 72 months. Applicants must not exceed a Debt Burden Ratio (DBR) of 60%. Minimum verifiable monthly income requirement is 25000 EGP.
POL-010,Corporate (Multinational),Used (Up to 10 yrs),17.68,72,50,7000,This policy applies to Corporate (Multinational) applicants purchasing Used (Up to 10 yrs) vehicles. The interest rate is set at 17.68% with a maximum repayment period of 72 months. Applicants must not exceed a Debt Burden Ratio (DBR) of 50%. Minimum verifiable monthly income requirement is 7000 EGP.
POL-011,Salaried (Private),Electric/Hybrid,13.21,60,45,7000,This policy applies to Salaried (Private) applicants purchasing Electric/Hybrid vehicles. The interest rate is set at 13.21% with a maximum repayment period of 60 months. Applicants must not exceed a Debt Burden Ratio (DBR) of 45%. Minimum verifiable monthly income requirement is 7000 EGP.
POL-012,Corporate (Local LLC),Commercial Trucks,14.04,96,50,25000,This policy applies to Corporate (Local LLC) applicants purchasing Commercial Trucks vehicles. The interest rate is set at 14.04% with a maximum repayment period of 96 months. Applicants must not exceed a Debt Burden Ratio (DBR) of 50%. Minimum verifiable monthly income requirement is 25000 EGP.
POL-013,Freelancer (Tech),Used (Up to 10 yrs),21.26,96,40,5000,This policy applies to Freelancer (Tech) applicants purchasing Used (Up to 10 yrs) vehicles. The interest rate is set at 21.26% with a maximum repayment period of 96 months. Applicants must not exceed a Debt Burden Ratio (DBR) of 40%. Minimum verifiable monthly income requirement is 5000 EGP.
POL-014,Freelancer (Tech),Used (Up to 10 yrs),22.65,60,45,5000,This policy applies to Freelancer (Tech) applicants purchasing Used (Up to 10 yrs) vehicles. The interest rate is set at 22.65% with a maximum repayment period of 60 months. Applicants must not exceed a Debt Burden Ratio (DBR) of 45%. Minimum verifiable monthly income requirement is 5000 EGP.
POL-015,Self-Employed (Commercial),Commercial Trucks,19.9,36,40,5000,This policy applies to Self-Employed (Commercial) applicants purchasing Commercial Trucks vehicles. The interest rate is set at 19.9% with a maximum repayment period of 36 months. Applicants must not exceed a Debt Burden Ratio (DBR) of 40%. Minimum verifiable monthly income requirement is 5000 EGP.
POL-016,Expat (Remittance),Commercial Trucks,15.06,84,55,25000,This policy applies to Expat (Remittance) applicants purchasing Commercial Trucks vehicles. The interest rate is set at 15.06% with a maximum repayment period of 84 months. Applicants must not exceed a Debt Burden Ratio (DBR) of 55%. Minimum verifiable monthly income requirement is 25000 EGP.
POL-017,Freelancer (Tech),Commercial Trucks,20.33,96,50,15000,This policy applies to Freelancer (Tech) applicants purchasing Commercial Trucks vehicles. The interest rate is set at 20.33% with a maximum repayment period of 96 months. Applicants must not exceed a Debt Burden Ratio (DBR) of 50%. Minimum verifiable monthly income requirement is 15000 EGP.
POL-018,Retired / Pensioner,Used (Up to 5 yrs),18.99,96,45,25000,This policy applies to Retired / Pensioner applicants purchasing Used (Up to 5 yrs) vehicles. The interest rate is set at 18.99% with a maximum repayment period of 96 months. Applicants must not exceed a Debt Burden Ratio (DBR) of 45%. Minimum verifiable monthly income requirement is 25000 EGP.
POL-019,Freelancer (Creative),Commercial Trucks,20.37,84,40,7000,This policy applies to Freelancer (Creative) applicants purchasing Commercial Trucks vehicles. The interest rate is set at 20.37% with a maximum repayment period of 84 months. Applicants must not exceed a Debt Burden Ratio (DBR) of 40%. Minimum verifiable monthly income requirement is 7000 EGP.
POL-020,Corporate (Multinational),Used (Up to 5 yrs),18.7,60,55,7000,This policy applies to Corporate (Multinational) applicants purchasing Used (Up to 5 yrs) vehicles. The interest rate is set at 18.7% with a maximum repayment period of 60 months. Applicants must not exceed a Debt Burden Ratio (DBR) of 55%. Minimum verifiable monthly income requirement is 7000 EGP.
POL-021,Corporate (Multinational),Commercial Trucks,16.59,96,40,25000,This policy applies to Corporate (Multinational) applicants purchasing Commercial Trucks vehicles. The interest rate is set at 16.59% with a maximum repayment period of 96 months. Applicants must not exceed a Debt Burden Ratio (DBR) of 40%. Minimum verifiable monthly income requirement is 25000 EGP.
POL-022,Self-Employed (Professional),New Only,18.67,72,40,40000,This policy applies to Self-Employed (Professional) applicants purchasing New Only vehicles. The interest rate is set at 18.67% with a maximum repayment period of 72 months. Applicants must not exceed a Debt Burden Ratio (DBR) of 40%. Minimum verifiable monthly income requirement is 40000 EGP.
POL-023,Freelancer (Tech),Electric/Hybrid,19.14,48,40,10000,This policy applies to Freelancer (Tech) applicants purchasing Electric/Hybrid vehicles. The interest rate is set at 19.14% with a maximum repayment period of 48 months. Applicants must not exceed a Debt Burden Ratio (DBR) of 40%. Minimum verifiable monthly income requirement is 10000 EGP.
POL-024,Freelancer (Creative),New Only,20.96,84,35,5000,This policy applies to Freelancer (Creative) applicants purchasing New Only vehicles. The interest rate is set at 20.96% with a maximum repayment period of 84 months. Applicants must not exceed a Debt Burden Ratio (DBR) of 35%. Minimum verifiable monthly income requirement is 5000 EGP.
POL-025,Salaried (Private),Used (Up to 5 yrs),16.74,48,35,40000,This policy applies to Salaried (Private) applicants purchasing Used (Up to 5 yrs) vehicles. The interest rate is set at 16.74% with a maximum repayment period of 48 months. Applicants must not exceed a Debt Burden Ratio (DBR) of 35%. Minimum verifiable monthly income requirement is 40000 EGP.
POL-026,Corporate (Multinational),Used (Up to 5 yrs),17.87,48,60,40000,This policy applies to Corporate (Multinational) applicants purchasing Used (Up to 5 yrs) vehicles. The interest rate is set at 17.87% with a maximum repayment period of 48 months. Applicants must not exceed a Debt Burden Ratio (DBR) of 60%. Minimum verifiable monthly income requirement is 40000 EGP.
POL-027,Self-Employed (Commercial),Used (Up to 5 yrs),20.88,72,40,5000,This policy applies to Self-Employed (Commercial) applicants purchasing Used (Up to 5 yrs) vehicles. The interest rate is set at 20.88% with a maximum repayment period of 72 months. Applicants must not exceed a Debt Burden Ratio (DBR) of 40%. Minimum verifiable monthly income requirement is 5000 EGP.
POL-028,Corporate (Local LLC),Used (Up to 5 yrs),18.62,72,35,10000,This policy applies to Corporate (Local LLC) applicants purchasing Used (Up to 5 yrs) vehicles. The interest rate is set at 18.62% with a maximum repayment period of 72 months. Applicants must not exceed a Debt Burden Ratio (DBR) of 35%. Minimum verifiable monthly income requirement is 10000 EGP.
POL-029,Self-Employed (Commercial),Electric/Hybrid,16.62,72,50,25000,This policy applies to Self-Employed (Commercial) applicants purchasing Electric/Hybrid vehicles. The interest rate is set at 16.62% with a maximum repayment period of 72 months. Applicants must not exceed a Debt Burden Ratio (DBR) of 50%. Minimum verifiable monthly income requirement is 25000 EGP.
POL-030,Self-Employed (Professional),Commercial Trucks,18.22,72,45,15000,This policy applies to Self-Employed (Professional) applicants purchasing Commercial Trucks vehicles. The interest rate is set at 18.22% with a maximum repayment period of 72 months. Applicants must not exceed a Debt Burden Ratio (DBR) of 45%. Minimum verifiable monthly income requirement is 15000 EGP.
POL-031,Self-Employed (Commercial),Used (Up to 5 yrs),22.45,60,35,5000,This policy applies to Self-Employed (Commercial) applicants purchasing Used (Up to 5 yrs) vehicles. The interest rate is set at 22.45% with a maximum repayment period of 60 months. Applicants must not exceed a Debt Burden Ratio (DBR) of 35%. Minimum verifiable monthly income requirement is 5000 EGP.
POL-032,Salaried (Public Sector),Used (Up to 5 yrs),18.09,60,40,10000,This policy applies to Salaried (Public Sector) applicants purchasing Used (Up to 5 yrs) vehicles. The interest rate is set at 18.09% with a maximum repayment period of 60 months. Applicants must not exceed a Debt Burden Ratio (DBR) of 40%. Minimum verifiable monthly income requirement is 10000 EGP.
POL-033,Corporate (Local LLC),Commercial Trucks,16.79,84,45,5000,This policy applies to Corporate (Local LLC) applicants purchasing Commercial Trucks vehicles. The interest rate is set at 16.79% with a maximum repayment period of 84 months. Applicants must not exceed a Debt Burden Ratio (DBR) of 45%. Minimum verifiable monthly income requirement is 5000 EGP.
POL-034,Expat (Remittance),Used (Up to 10 yrs),16.54,84,60,25000,This policy applies to Expat (Remittance) applicants purchasing Used (Up to 10 yrs) vehicles. The interest rate is set at 16.54% with a maximum repayment period of 84 months. Applicants must not exceed a Debt Burden Ratio (DBR) of 60%. Minimum verifiable monthly income requirement is 25000 EGP.
POL-035,Corporate (Local LLC),Used (Up to 5 yrs),17.15,84,35,40000,This policy applies to Corporate (Local LLC) applicants purchasing Used (Up to 5 yrs) vehicles. The interest rate is set at 17.15% with a maximum repayment period of 84 months. Applicants must not exceed a Debt Burden Ratio (DBR) of 35%. Minimum verifiable monthly income requirement is 40000 EGP.
POL-036,Corporate (Multinational),Used (Up to 10 yrs),18.61,72,40,5000,This policy applies to Corporate (Multinational) applicants purchasing Used (Up to 10 yrs) vehicles. The interest rate is set at 18.61% with a maximum repayment period of 72 months. Applicants must not exceed a Debt Burden Ratio (DBR) of 40%. Minimum verifiable monthly income requirement is 5000 EGP.
POL-037,Self-Employed (Commercial),Used (Up to 10 yrs),20.2,96,45,15000,This policy applies to Self-Employed (Commercial) applicants purchasing Used (Up to 10 yrs) vehicles. The interest rate is set at 20.2% with a maximum repayment period of 96 months. Applicants must not exceed a Debt Burden Ratio (DBR) of 45%. Minimum verifiable monthly income requirement is 15000 EGP.
POL-038,Retired / Pensioner,Used (Up to 10 yrs),18.76,72,40,10000,This policy applies to Retired / Pensioner applicants purchasing Used (Up to 10 yrs) vehicles. The interest rate is set at 18.76% with a maximum repayment period of 72 months. Applicants must not exceed a Debt Burden Ratio (DBR) of 40%. Minimum verifiable monthly income requirement is 10000 EGP.
POL-039,Self-Employed (Professional),Used (Up to 10 yrs),22.75,60,55,40000,This policy applies to Self-Employed (Professional) applicants purchasing Used (Up to 10 yrs) vehicles. The interest rate is set at 22.75% with a maximum repayment period of 60 months. Applicants must not exceed a Debt Burden Ratio (DBR) of 55%. Minimum verifiable monthly income requirement is 40000 EGP.
POL-040,Freelancer (Tech),New Only,19.47,48,55,10000,This policy applies to Freelancer (Tech) applicants purchasing New Only vehicles. The interest rate is set at 19.47% with a maximum repayment period of 48 months. Applicants must not exceed a Debt Burden Ratio (DBR) of 55%. Minimum verifiable monthly income requirement is 10000 EGP.
POL-041,Retired / Pensioner,New Only,15.83,72,60,40000,This policy applies to Retired / Pensioner applicants purchasing New Only vehicles. The interest rate is set at 15.83% with a maximum repayment period of 72 months. Applicants must not exceed a Debt Burden Ratio (DBR) of 60%. Minimum verifiable monthly income requirement is 40000 EGP.
POL-042,Freelancer (Creative),New Only,18.34,72,60,5000,This policy applies to Freelancer (Creative) applicants purchasing New Only vehicles. The interest rate is set at 18.34% with a maximum repayment period of 72 months. Applicants must not exceed a Debt Burden Ratio (DBR) of 60%. Minimum verifiable monthly income requirement is 5000 EGP.
POL-043,Self-Employed (Professional),Used (Up to 10 yrs),20.59,72,60,40000,This policy applies to Self-Employed (Professional) applicants purchasing Used (Up to 10 yrs) vehicles. The interest rate is set at 20.59% with a maximum repayment period of 72 months. Applicants must not exceed a Debt Burden Ratio (DBR) of 60%. Minimum verifiable monthly income requirement is 40000 EGP.
POL-044,Corporate (Multinational),Used (Up to 10 yrs),18.09,96,35,40000,This policy applies to Corporate (Multinational) applicants purchasing Used (Up to 10 yrs) vehicles. The interest rate is set at 18.09% with a maximum repayment period of 96 months. Applicants must not exceed a Debt Burden Ratio (DBR) of 35%. Minimum verifiable monthly income requirement is 40000 EGP.
POL-045,Freelancer (Creative),New Only,19.62,96,35,15000,This policy applies to Freelancer (Creative) applicants purchasing New Only vehicles. The interest rate is set at 19.62% with a maximum repayment period of 96 months. Applicants must not exceed a Debt Burden Ratio (DBR) of 35%. Minimum verifiable monthly income requirement is 15000 EGP.
POL-046,Freelancer (Tech),New Only,19.17,36,45,5000,This policy applies to Freelancer (Tech) applicants purchasing New Only vehicles. The interest rate is set at 19.17% with a maximum repayment period of 36 months. Applicants must not exceed a Debt Burden Ratio (DBR) of 45%. Minimum verifiable monthly income requirement is 5000 EGP.
POL-047,Retired / Pensioner,Commercial Trucks,14.75,72,55,5000,This policy applies to Retired / Pensioner applicants purchasing Commercial Trucks vehicles. The interest rate is set at 14.75% with a maximum repayment period of 72 months. Applicants must not exceed a Debt Burden Ratio (DBR) of 55%. Minimum verifiable monthly income requirement is 5000 EGP.
POL-048,Retired / Pensioner,Used (Up to 5 yrs),17.79,72,45,25000,This policy applies to Retired / Pensioner applicants purchasing Used (Up to 5 yrs) vehicles. The interest rate is set at 17.79% with a maximum repayment period of 72 months. Applicants must not exceed a Debt Burden Ratio (DBR) of 45%. Minimum verifiable monthly income requirement is 25000 EGP.
POL-049,Freelancer (Creative),Commercial Trucks,20.01,60,35,5000,This policy applies to Freelancer (Creative) applicants purchasing Commercial Trucks vehicles. The interest rate is set at 20.01% with a maximum repayment period of 60 months. Applicants must not exceed a Debt Burden Ratio (DBR) of 35%. Minimum verifiable monthly income requirement is 5000 EGP.
POL-050,Salaried (Public Sector),Used (Up to 10 yrs),17.06,96,50,10000,This policy applies to Salaried (Public Sector) applicants purchasing Used (Up to 10 yrs) vehicles. The interest rate is set at 17.06% with a maximum repayment period of 96 months. Applicants must not exceed a Debt Burden Ratio (DBR) of 50%. Minimum verifiable monthly income requirement is 10000 EGP.
POL-051,Retired / Pensioner,Used (Up to 5 yrs),16.45,72,40,10000,This policy applies to Retired / Pensioner applicants purchasing Used (Up to 5 yrs) vehicles. The interest rate is set at 16.45% with a maximum repayment period of 72 months. Applicants must not exceed a Debt Burden Ratio (DBR) of 40%. Minimum verifiable monthly income requirement is 10000 EGP.
POL-052,Freelancer (Creative),Used (Up to 5 yrs),22.91,96,40,25000,This policy applies to Freelancer (Creative) applicants purchasing Used (Up to 5 yrs) vehicles. The interest rate is set at 22.91% with a maximum repayment period of 96 months. Applicants must not exceed a Debt Burden Ratio (DBR) of 40%. Minimum verifiable monthly income requirement is 25000 EGP.
POL-053,Self-Employed (Professional),New Only,18.7,60,35,25000,This policy applies to Self-Employed (Professional) applicants purchasing New Only vehicles. The interest rate is set at 18.7% with a maximum repayment period of 60 months. Applicants must not exceed a Debt Burden Ratio (DBR) of 35%. Minimum verifiable monthly income requirement is 25000 EGP.
POL-054,Retired / Pensioner,Used (Up to 10 yrs),18.89,36,60,5000,This policy applies to Retired / Pensioner applicants purchasing Used (Up to 10 yrs) vehicles. The interest rate is set at 18.89% with a maximum repayment period of 36 months. Applicants must not exceed a Debt Burden Ratio (DBR) of 60%. Minimum verifiable monthly income requirement is 5000 EGP.
POL-055,Salaried (Private),Used (Up to 5 yrs),18.82,60,40,5000,This policy applies to Salaried (Private) applicants purchasing Used (Up to 5 yrs) vehicles. The interest rate is set at 18.82% with a maximum repayment period of 60 months. Applicants must not exceed a Debt Burden Ratio (DBR) of 40%. Minimum verifiable monthly income requirement is 5000 EGP.
POL-056,Corporate (Multinational),Used (Up to 5 yrs),16.87,84,40,15000,This policy applies to Corporate (Multinational) applicants purchasing Used (Up to 5 yrs) vehicles. The interest rate is set at 16.87% with a maximum repayment period of 84 months. Applicants must not exceed a Debt Burden Ratio (DBR) of 40%. Minimum verifiable monthly income requirement is 15000 EGP.
POL-057,Salaried (Public Sector),Electric/Hybrid,12.78,84,60,40000,This policy applies to Salaried (Public Sector) applicants purchasing Electric/Hybrid vehicles. The interest rate is set at 12.78% with a maximum repayment period of 84 months. Applicants must not exceed a Debt Burden Ratio (DBR) of 60%. Minimum verifiable monthly income requirement is 40000 EGP.
POL-058,Self-Employed (Commercial),Commercial Trucks,19.61,84,40,40000,This policy applies to Self-Employed (Commercial) applicants purchasing Commercial Trucks vehicles. The interest rate is set at 19.61% with a maximum repayment period of 84 months. Applicants must not exceed a Debt Burden Ratio (DBR) of 40%. Minimum verifiable monthly income requirement is 40000 EGP.
POL-059,Self-Employed (Commercial),Commercial Trucks,19.37,84,55,40000,This policy applies to Self-Employed (Commercial) applicants purchasing Commercial Trucks vehicles. The interest rate is set at 19.37% with a maximum repayment period of 84 months. Applicants must not exceed a Debt Burden Ratio (DBR) of 55%. Minimum verifiable monthly income requirement is 40000 EGP.
POL-060,Freelancer (Creative),New Only,19.43,36,50,5000,This policy applies to Freelancer (Creative) applicants purchasing New Only vehicles. The interest rate is set at 19.43% with a maximum repayment period of 36 months. Applicants must not exceed a Debt Burden Ratio (DBR) of 50%. Minimum verifiable monthly income requirement is 5000 EGP.
POL-061,Corporate (Multinational),Electric/Hybrid,14.42,48,50,7000,This policy applies to Corporate (Multinational) applicants purchasing Electric/Hybrid vehicles. The interest rate is set at 14.42% with a maximum repayment period of 48 months. Applicants must not exceed a Debt Burden Ratio (DBR) of 50%. Minimum verifiable monthly income requirement is 7000 EGP.
POL-062,Salaried (Public Sector),Electric/Hybrid,13.46,96,55,40000,This policy applies to Salaried (Public Sector) applicants purchasing Electric/Hybrid vehicles. The interest rate is set at 13.46% with a maximum repayment period of 96 months. Applicants must not exceed a Debt Burden Ratio (DBR) of 55%. Minimum verifiable monthly income requirement is 40000 EGP.
POL-063,Corporate (Multinational),Electric/Hybrid,15.34,48,45,10000,This policy applies to Corporate (Multinational) applicants purchasing Electric/Hybrid vehicles. The interest rate is set at 15.34% with a maximum repayment period of 48 months. Applicants must not exceed a Debt Burden Ratio (DBR) of 45%. Minimum verifiable monthly income requirement is 10000 EGP.
POL-064,Freelancer (Tech),Electric/Hybrid,18.53,84,45,40000,This policy applies to Freelancer (Tech) applicants purchasing Electric/Hybrid vehicles. The interest rate is set at 18.53% with a maximum repayment period of 84 months. Applicants must not exceed a Debt Burden Ratio (DBR) of 45%. Minimum verifiable monthly income requirement is 40000 EGP.
POL-065,Expat (Remittance),Commercial Trucks,14.41,84,55,10000,This policy applies to Expat (Remittance) applicants purchasing Commercial Trucks vehicles. The interest rate is set at 14.41% with a maximum repayment period of 84 months. Applicants must not exceed a Debt Burden Ratio (DBR) of 55%. Minimum verifiable monthly income requirement is 10000 EGP.
POL-066,Self-Employed (Commercial),Electric/Hybrid,17.65,60,50,10000,This policy applies to Self-Employed (Commercial) applicants purchasing Electric/Hybrid vehicles. The interest rate is set at 17.65% with a maximum repayment period of 60 months. Applicants must not exceed a Debt Burden Ratio (DBR) of 50%. Minimum verifiable monthly income requirement is 10000 EGP.
POL-067,Corporate (Local LLC),Commercial Trucks,16.57,48,60,25000,This policy applies to Corporate (Local LLC) applicants purchasing Commercial Trucks vehicles. The interest rate is set at 16.57% with a maximum repayment period of 48 months. Applicants must not exceed a Debt Burden Ratio (DBR) of 60%. Minimum verifiable monthly income requirement is 25000 EGP.
POL-068,Salaried (Private),New Only,15.29,36,50,10000,This policy applies to Salaried (Private) applicants purchasing New Only vehicles. The interest rate is set at 15.29% with a maximum repayment period of 36 months. Applicants must not exceed a Debt Burden Ratio (DBR) of 50%. Minimum verifiable monthly income requirement is 10000 EGP.
POL-069,Corporate (Local LLC),New Only,16.87,72,55,7000,This policy applies to Corporate (Local LLC) applicants purchasing New Only vehicles. The interest rate is set at 16.87% with a maximum repayment period of 72 months. Applicants must not exceed a Debt Burden Ratio (DBR) of 55%. Minimum verifiable monthly income requirement is 7000 EGP.
POL-070,Self-Employed (Commercial),Electric/Hybrid,17.86,96,35,7000,This policy applies to Self-Employed (Commercial) applicants purchasing Electric/Hybrid vehicles. The interest rate is set at 17.86% with a maximum repayment period of 96 months. Applicants must not exceed a Debt Burden Ratio (DBR) of 35%. Minimum verifiable monthly income requirement is 7000 EGP.
POL-071,Expat (Remittance),Electric/Hybrid,13.22,72,50,25000,This policy applies to Expat (Remittance) applicants purchasing Electric/Hybrid vehicles. The interest rate is set at 13.22% with a maximum repayment period of 72 months. Applicants must not exceed a Debt Burden Ratio (DBR) of 50%. Minimum verifiable monthly income requirement is 25000 EGP.
POL-072,Retired / Pensioner,Commercial Trucks,14.5,60,40,40000,This policy applies to Retired / Pensioner applicants purchasing Commercial Trucks vehicles. The interest rate is set at 14.5% with a maximum repayment period of 60 months. Applicants must not exceed a Debt Burden Ratio (DBR) of 40%. Minimum verifiable monthly income requirement is 40000 EGP.
POL-073,Salaried (Public Sector),New Only,15.96,96,55,5000,This policy applies to Salaried (Public Sector) applicants purchasing New Only vehicles. The interest rate is set at 15.96% with a maximum repayment period of 96 months. Applicants must not exceed a Debt Burden Ratio (DBR) of 55%. Minimum verifiable monthly income requirement is 5000 EGP.
POL-074,Freelancer (Creative),Used (Up to 10 yrs),21.79,36,55,25000,This policy applies to Freelancer (Creative) applicants purchasing Used (Up to 10 yrs) vehicles. The interest rate is set at 21.79% with a maximum repayment period of 36 months. Applicants must not exceed a Debt Burden Ratio (DBR) of 55%. Minimum verifiable monthly income requirement is 25000 EGP.
POL-075,Corporate (Multinational),New Only,14.94,84,60,15000,This policy applies to Corporate (Multinational) applicants purchasing New Only vehicles. The interest rate is set at 14.94% with a maximum repayment period of 84 months. Applicants must not exceed a Debt Burden Ratio (DBR) of 60%. Minimum verifiable monthly income requirement is 15000 EGP.
POL-076,Corporate (Multinational),Electric/Hybrid,13.98,60,35,25000,This policy applies to Corporate (Multinational) applicants purchasing Electric/Hybrid vehicles. The interest rate is set at 13.98% with a maximum repayment period of 60 months. Applicants must not exceed a Debt Burden Ratio (DBR) of 35%. Minimum verifiable monthly income requirement is 25000 EGP.
POL-077,Salaried (Private),Used (Up to 10 yrs),17.97,36,60,40000,This policy applies to Salaried (Private) applicants purchasing Used (Up to 10 yrs) vehicles. The interest rate is set at 17.97% with a maximum repayment period of 36 months. Applicants must not exceed a Debt Burden Ratio (DBR) of 60%. Minimum verifiable monthly income requirement is 40000 EGP.
POL-078,Freelancer (Tech),New Only,18.86,96,45,10000,This policy applies to Freelancer (Tech) applicants purchasing New Only vehicles. The interest rate is set at 18.86% with a maximum repayment period of 96 months. Applicants must not exceed a Debt Burden Ratio (DBR) of 45%. Minimum verifiable monthly income requirement is 10000 EGP.
POL-079,Salaried (Public Sector),New Only,16.94,84,55,7000,This policy applies to Salaried (Public Sector) applicants purchasing New Only vehicles. The interest rate is set at 16.94% with a maximum repayment period of 84 months. Applicants must not exceed a Debt Burden Ratio (DBR) of 55%. Minimum verifiable monthly income requirement is 7000 EGP.
POL-080,Corporate (Local LLC),Commercial Trucks,16.73,84,55,15000,This policy applies to Corporate (Local LLC) applicants purchasing Commercial Trucks vehicles. The interest rate is set at 16.73% with a maximum repayment period of 84 months. Applicants must not exceed a Debt Burden Ratio (DBR) of 55%. Minimum verifiable monthly income requirement is 15000 EGP.
POL-081,Self-Employed (Commercial),Used (Up to 5 yrs),21.68,60,35,7000,This policy applies to Self-Employed (Commercial) applicants purchasing Used (Up to 5 yrs) vehicles. The interest rate is set at 21.68% with a maximum repayment period of 60 months. Applicants must not exceed a Debt Burden Ratio (DBR) of 35%. Minimum verifiable monthly income requirement is 7000 EGP.
POL-082,Freelancer (Tech),Electric/Hybrid,19.24,60,50,25000,This policy applies to Freelancer (Tech) applicants purchasing Electric/Hybrid vehicles. The interest rate is set at 19.24% with a maximum repayment period of 60 months. Applicants must not exceed a Debt Burden Ratio (DBR) of 50%. Minimum verifiable monthly income requirement is 25000 EGP.
POL-083,Self-Employed (Professional),Electric/Hybrid,16.96,48,35,10000,This policy applies to Self-Employed (Professional) applicants purchasing Electric/Hybrid vehicles. The interest rate is set at 16.96% with a maximum repayment period of 48 months. Applicants must not exceed a Debt Burden Ratio (DBR) of 35%. Minimum verifiable monthly income requirement is 10000 EGP.
POL-084,Freelancer (Tech),Used (Up to 10 yrs),22.31,96,55,10000,This policy applies to Freelancer (Tech) applicants purchasing Used (Up to 10 yrs) vehicles. The interest rate is set at 22.31% with a maximum repayment period of 96 months. Applicants must not exceed a Debt Burden Ratio (DBR) of 55%. Minimum verifiable monthly income requirement is 10000 EGP.
POL-085,Self-Employed (Commercial),Electric/Hybrid,16.91,72,50,25000,This policy applies to Self-Employed (Commercial) applicants purchasing Electric/Hybrid vehicles. The interest rate is set at 16.91% with a maximum repayment period of 72 months. Applicants must not exceed a Debt Burden Ratio (DBR) of 50%. Minimum verifiable monthly income requirement is 25000 EGP.
POL-086,Self-Employed (Professional),New Only,18.68,84,35,25000,This policy applies to Self-Employed (Professional) applicants purchasing New Only vehicles. The interest rate is set at 18.68% with a maximum repayment period of 84 months. Applicants must not exceed a Debt Burden Ratio (DBR) of 35%. Minimum verifiable monthly income requirement is 25000 EGP.
POL-087,Retired / Pensioner,Used (Up to 5 yrs),18.99,48,40,7000,This policy applies to Retired / Pensioner applicants purchasing Used (Up to 5 yrs) vehicles. The interest rate is set at 18.99% with a maximum repayment period of 48 months. Applicants must not exceed a Debt Burden Ratio (DBR) of 40%. Minimum verifiable monthly income requirement is 7000 EGP.
POL-088,Self-Employed (Commercial),Electric/Hybrid,17.34,72,35,40000,This policy applies to Self-Employed (Commercial) applicants purchasing Electric/Hybrid vehicles. The interest rate is set at 17.34% with a maximum repayment period of 72 months. Applicants must not exceed a Debt Burden Ratio (DBR) of 35%. Minimum verifiable monthly income requirement is 40000 EGP.
POL-089,Corporate (Local LLC),Used (Up to 5 yrs),18.51,96,40,5000,This policy applies to Corporate (Local LLC) applicants purchasing Used (Up to 5 yrs) vehicles. The interest rate is set at 18.51% with a maximum repayment period of 96 months. Applicants must not exceed a Debt Burden Ratio (DBR) of 40%. Minimum verifiable monthly income requirement is 5000 EGP.
POL-090,Salaried (Private),New Only,16.64,36,50,5000,This policy applies to Salaried (Private) applicants purchasing New Only vehicles. The interest rate is set at 16.64% with a maximum repayment period of 36 months. Applicants must not exceed a Debt Burden Ratio (DBR) of 50%. Minimum verifiable monthly income requirement is 5000 EGP.
POL-091,Self-Employed (Professional),Used (Up to 5 yrs),22.85,48,45,40000,This policy applies to Self-Employed (Professional) applicants purchasing Used (Up to 5 yrs) vehicles. The interest rate is set at 22.85% with a maximum repayment period of 48 months. Applicants must not exceed a Debt Burden Ratio (DBR) of 45%. Minimum verifiable monthly income requirement is 40000 EGP.
POL-092,Freelancer (Tech),Commercial Trucks,18.29,72,50,15000,This policy applies to Freelancer (Tech) applicants purchasing Commercial Trucks vehicles. The interest rate is set at 18.29% with a maximum repayment period of 72 months. Applicants must not exceed a Debt Burden Ratio (DBR) of 50%. Minimum verifiable monthly income requirement is 15000 EGP.
POL-093,Expat (Remittance),Used (Up to 10 yrs),17.96,84,55,15000,This policy applies to Expat (Remittance) applicants purchasing Used (Up to 10 yrs) vehicles. The interest rate is set at 17.96% with a maximum repayment period of 84 months. Applicants must not exceed a Debt Burden Ratio (DBR) of 55%. Minimum verifiable monthly income requirement is 15000 EGP.
POL-094,Corporate (Multinational),New Only,16.87,96,40,40000,This policy applies to Corporate (Multinational) applicants purchasing New Only vehicles. The interest rate is set at 16.87% with a maximum repayment period of 96 months. Applicants must not exceed a Debt Burden Ratio (DBR) of 40%. Minimum verifiable monthly income requirement is 40000 EGP.
POL-095,Self-Employed (Professional),Electric/Hybrid,16.55,96,45,7000,This policy applies to Self-Employed (Professional) applicants purchasing Electric/Hybrid vehicles. The interest rate is set at 16.55% with a maximum repayment period of 96 months. Applicants must not exceed a Debt Burden Ratio (DBR) of 45%. Minimum verifiable monthly income requirement is 7000 EGP.
POL-096,Self-Employed (Professional),Commercial Trucks,19.36,48,55,15000,This policy applies to Self-Employed (Professional) applicants purchasing Commercial Trucks vehicles. The interest rate is set at 19.36% with a maximum repayment period of 48 months. Applicants must not exceed a Debt Burden Ratio (DBR) of 55%. Minimum verifiable monthly income requirement is 15000 EGP.
POL-097,Salaried (Public Sector),Commercial Trucks,14.31,72,40,15000,This policy applies to Salaried (Public Sector) applicants purchasing Commercial Trucks vehicles. The interest rate is set at 14.31% with a maximum repayment period of 72 months. Applicants must not exceed a Debt Burden Ratio (DBR) of 40%. Minimum verifiable monthly income requirement is 15000 EGP.
POL-098,Freelancer (Tech),Commercial Trucks,18.61,84,45,40000,This policy applies to Freelancer (Tech) applicants purchasing Commercial Trucks vehicles. The interest rate is set at 18.61% with a maximum repayment period of 84 months. Applicants must not exceed a Debt Burden Ratio (DBR) of 45%. Minimum verifiable monthly income requirement is 40000 EGP.
POL-099,Salaried (Public Sector),New Only,15.6,72,40,25000,This policy applies to Salaried (Public Sector) applicants purchasing New Only vehicles. The interest rate is set at 15.6% with a maximum repayment period of 72 months. Applicants must not exceed a Debt Burden Ratio (DBR) of 40%. Minimum verifiable monthly income requirement is 25000 EGP.
POL-100,Salaried (Private),Used (Up to 5 yrs),18.93,60,50,10000,This policy applies to Salaried (Private) applicants purchasing Used (Up to 5 yrs) vehicles. The interest rate is set at 18.93% with a maximum repayment period of 60 months. Applicants must not exceed a Debt Burden Ratio (DBR) of 50%. Minimum verifiable monthly income requirement is 10000 EGP.
POL-101,Freelancer (Creative),Electric/Hybrid,16.67,48,35,40000,This policy applies to Freelancer (Creative) applicants purchasing Electric/Hybrid vehicles. The interest rate is set at 16.67% with a maximum repayment period of 48 months. Applicants must not exceed a Debt Burden Ratio (DBR) of 35%. Minimum verifiable monthly income requirement is 40000 EGP.
POL-102,Retired / Pensioner,Electric/Hybrid,14.15,84,50,5000,This policy applies to Retired / Pensioner applicants purchasing Electric/Hybrid vehicles. The interest rate is set at 14.15% with a maximum repayment period of 84 months. Applicants must not exceed a Debt Burden Ratio (DBR) of 50%. Minimum verifiable monthly income requirement is 5000 EGP.
POL-103,Salaried (Private),Used (Up to 10 yrs),18.31,72,55,25000,This policy applies to Salaried (Private) applicants purchasing Used (Up to 10 yrs) vehicles. The interest rate is set at 18.31% with a maximum repayment period of 72 months. Applicants must not exceed a Debt Burden Ratio (DBR) of 55%. Minimum verifiable monthly income requirement is 25000 EGP.
POL-104,Self-Employed (Professional),Commercial Trucks,20.21,84,35,7000,This policy applies to Self-Employed (Professional) applicants purchasing Commercial Trucks vehicles. The interest rate is set at 20.21% with a maximum repayment period of 84 months. Applicants must not exceed a Debt Burden Ratio (DBR) of 35%. Minimum verifiable monthly income requirement is 7000 EGP.
POL-105,Self-Employed (Commercial),New Only,19.67,84,40,7000,This policy applies to Self-Employed (Commercial) applicants purchasing New Only vehicles. The interest rate is set at 19.67% with a maximum repayment period of 84 months. Applicants must not exceed a Debt Burden Ratio (DBR) of 40%. Minimum verifiable monthly income requirement is 7000 EGP.
POL-106,Salaried (Private),Commercial Trucks,16.52,36,60,7000,This policy applies to Salaried (Private) applicants purchasing Commercial Trucks vehicles. The interest rate is set at 16.52% with a maximum repayment period of 36 months. Applicants must not exceed a Debt Burden Ratio (DBR) of 60%. Minimum verifiable monthly income requirement is 7000 EGP.
POL-107,Salaried (Private),Used (Up to 10 yrs),16.8,36,40,15000,This policy applies to Salaried (Private) applicants purchasing Used (Up to 10 yrs) vehicles. The interest rate is set at 16.8% with a maximum repayment period of 36 months. Applicants must not exceed a Debt Burden Ratio (DBR) of 40%. Minimum verifiable monthly income requirement is 15000 EGP.
POL-108,Corporate (Multinational),Used (Up to 5 yrs),17.2,60,45,5000,This policy applies to Corporate (Multinational) applicants purchasing Used (Up to 5 yrs) vehicles. The interest rate is set at 17.2% with a maximum repayment period of 60 months. Applicants must not exceed a Debt Burden Ratio (DBR) of 45%. Minimum verifiable monthly income requirement is 5000 EGP.
POL-109,Corporate (Multinational),Used (Up to 10 yrs),17.14,72,45,25000,This policy applies to Corporate (Multinational) applicants purchasing Used (Up to 10 yrs) vehicles. The interest rate is set at 17.14% with a maximum repayment period of 72 months. Applicants must not exceed a Debt Burden Ratio (DBR) of 45%. Minimum verifiable monthly income requirement is 25000 EGP.
POL-110,Self-Employed (Professional),New Only,20.38,36,60,25000,This policy applies to Self-Employed (Professional) applicants purchasing New Only vehicles. The interest rate is set at 20.38% with a maximum repayment period of 36 months. Applicants must not exceed a Debt Burden Ratio (DBR) of 60%. Minimum verifiable monthly income requirement is 25000 EGP.
POL-111,Freelancer (Creative),Used (Up to 10 yrs),20.57,84,40,5000,This policy applies to Freelancer (Creative) applicants purchasing Used (Up to 10 yrs) vehicles. The interest rate is set at 20.57% with a maximum repayment period of 84 months. Applicants must not exceed a Debt Burden Ratio (DBR) of 40%. Minimum verifiable monthly income requirement is 5000 EGP.
POL-112,Self-Employed (Professional),Electric/Hybrid,18.65,96,55,15000,This policy applies to Self-Employed (Professional) applicants purchasing Electric/Hybrid vehicles. The interest rate is set at 18.65% with a maximum repayment period of 96 months. Applicants must not exceed a Debt Burden Ratio (DBR) of 55%. Minimum verifiable monthly income requirement is 15000 EGP.
POL-113,Retired / Pensioner,Electric/Hybrid,13.28,96,40,5000,This policy applies to Retired / Pensioner applicants purchasing Electric/Hybrid vehicles. The interest rate is set at 13.28% with a maximum repayment period of 96 months. Applicants must not exceed a Debt Burden Ratio (DBR) of 40%. Minimum verifiable monthly income requirement is 5000 EGP.
POL-114,Salaried (Private),New Only,16.36,96,60,25000,This policy applies to Salaried (Private) applicants purchasing New Only vehicles. The interest rate is set at 16.36% with a maximum repayment period of 96 months. Applicants must not exceed a Debt Burden Ratio (DBR) of 60%. Minimum verifiable monthly income requirement is 25000 EGP.
POL-115,Self-Employed (Professional),Used (Up to 5 yrs),21.93,72,50,15000,This policy applies to Self-Employed (Professional) applicants purchasing Used (Up to 5 yrs) vehicles. The interest rate is set at 21.93% with a maximum repayment period of 72 months. Applicants must not exceed a Debt Burden Ratio (DBR) of 50%. Minimum verifiable monthly income requirement is 15000 EGP.
POL-116,Salaried (Public Sector),Commercial Trucks,15.65,84,40,25000,This policy applies to Salaried (Public Sector) applicants purchasing Commercial Trucks vehicles. The interest rate is set at 15.65% with a maximum repayment period of 84 months. Applicants must not exceed a Debt Burden Ratio (DBR) of 40%. Minimum verifiable monthly income requirement is 25000 EGP.
POL-117,Salaried (Public Sector),Commercial Trucks,14.37,48,40,7000,This policy applies to Salaried (Public Sector) applicants purchasing Commercial Trucks vehicles. The interest rate is set at 14.37% with a maximum repayment period of 48 months. Applicants must not exceed a Debt Burden Ratio (DBR) of 40%. Minimum verifiable monthly income requirement is 7000 EGP.
POL-118,Retired / Pensioner,New Only,14.63,48,35,40000,This policy applies to Retired / Pensioner applicants purchasing New Only vehicles. The interest rate is set at 14.63% with a maximum repayment period of 48 months. Applicants must not exceed a Debt Burden Ratio (DBR) of 35%. Minimum verifiable monthly income requirement is 40000 EGP.
POL-119,Retired / Pensioner,Used (Up to 5 yrs),17.14,60,55,25000,This policy applies to Retired / Pensioner applicants purchasing Used (Up to 5 yrs) vehicles. The interest rate is set at 17.14% with a maximum repayment period of 60 months. Applicants must not exceed a Debt Burden Ratio (DBR) of 55%. Minimum verifiable monthly income requirement is 25000 EGP.
POL-120,Self-Employed (Commercial),Used (Up to 5 yrs),21.72,96,60,15000,This policy applies to Self-Employed (Commercial) applicants purchasing Used (Up to 5 yrs) vehicles. The interest rate is set at 21.72% with a maximum repayment period of 96 months. Applicants must not exceed a Debt Burden Ratio (DBR) of 60%. Minimum verifiable monthly income requirement is 15000 EGP.
POL-121,Retired / Pensioner,Used (Up to 10 yrs),17.06,36,40,40000,This policy applies to Retired / Pensioner applicants purchasing Used (Up to 10 yrs) vehicles. The interest rate is set at 17.06% with a maximum repayment period of 36 months. Applicants must not exceed a Debt Burden Ratio (DBR) of 40%. Minimum verifiable monthly income requirement is 40000 EGP.
POL-122,Retired / Pensioner,Used (Up to 5 yrs),16.61,84,45,5000,This policy applies to Retired / Pensioner applicants purchasing Used (Up to 5 yrs) vehicles. The interest rate is set at 16.61% with a maximum repayment period of 84 months. Applicants must not exceed a Debt Burden Ratio (DBR) of 45%. Minimum verifiable monthly income requirement is 5000 EGP.
POL-123,Corporate (Local LLC),Used (Up to 10 yrs),18.71,96,40,40000,This policy applies to Corporate (Local LLC) applicants purchasing Used (Up to 10 yrs) vehicles. The interest rate is set at 18.71% with a maximum repayment period of 96 months. Applicants must not exceed a Debt Burden Ratio (DBR) of 40%. Minimum verifiable monthly income requirement is 40000 EGP.
POL-124,Corporate (Local LLC),Electric/Hybrid,12.84,84,35,7000,This policy applies to Corporate (Local LLC) applicants purchasing Electric/Hybrid vehicles. The interest rate is set at 12.84% with a maximum repayment period of 84 months. Applicants must not exceed a Debt Burden Ratio (DBR) of 35%. Minimum verifiable monthly income requirement is 7000 EGP.
POL-125,Corporate (Local LLC),Commercial Trucks,14.86,60,40,7000,This policy applies to Corporate (Local LLC) applicants purchasing Commercial Trucks vehicles. The interest rate is set at 14.86% with a maximum repayment period of 60 months. Applicants must not exceed a Debt Burden Ratio (DBR) of 40%. Minimum verifiable monthly income requirement is 7000 EGP.
POL-126,Freelancer (Tech),New Only,18.15,48,50,40000,This policy applies to Freelancer (Tech) applicants purchasing New Only vehicles. The interest rate is set at 18.15% with a maximum repayment period of 48 months. Applicants must not exceed a Debt Burden Ratio (DBR) of 50%. Minimum verifiable monthly income requirement is 40000 EGP.
POL-127,Salaried (Private),Used (Up to 5 yrs),16.73,96,45,7000,This policy applies to Salaried (Private) applicants purchasing Used (Up to 5 yrs) vehicles. The interest rate is set at 16.73% with a maximum repayment period of 96 months. Applicants must not exceed a Debt Burden Ratio (DBR) of 45%. Minimum verifiable monthly income requirement is 7000 EGP.
POL-128,Salaried (Private),Electric/Hybrid,12.54,60,35,15000,This policy applies to Salaried (Private) applicants purchasing Electric/Hybrid vehicles. The interest rate is set at 12.54% with a maximum repayment period of 60 months. Applicants must not exceed a Debt Burden Ratio (DBR) of 35%. Minimum verifiable monthly income requirement is 15000 EGP.
POL-129,Salaried (Public Sector),Commercial Trucks,14.97,84,40,25000,This policy applies to Salaried (Public Sector) applicants purchasing Commercial Trucks vehicles. The interest rate is set at 14.97% with a maximum repayment period of 84 months. Applicants must not exceed a Debt Burden Ratio (DBR) of 40%. Minimum verifiable monthly income requirement is 25000 EGP.
POL-130,Freelancer (Creative),Used (Up to 10 yrs),21.1,48,55,5000,This policy applies to Freelancer (Creative) applicants purchasing Used (Up to 10 yrs) vehicles. The interest rate is set at 21.1% with a maximum repayment period of 48 months. Applicants must not exceed a Debt Burden Ratio (DBR) of 55%. Minimum verifiable monthly income requirement is 5000 EGP.
POL-131,Expat (Remittance),Used (Up to 10 yrs),18.97,84,50,40000,This policy applies to Expat (Remittance) applicants purchasing Used (Up to 10 yrs) vehicles. The interest rate is set at 18.97% with a maximum repayment period of 84 months. Applicants must not exceed a Debt Burden Ratio (DBR) of 50%. Minimum verifiable monthly income requirement is 40000 EGP.
POL-132,Freelancer (Creative),Commercial Trucks,20.77,60,55,40000,This policy applies to Freelancer (Creative) applicants purchasing Commercial Trucks vehicles. The interest rate is set at 20.77% with a maximum repayment period of 60 months. Applicants must not exceed a Debt Burden Ratio (DBR) of 55%. Minimum verifiable monthly income requirement is 40000 EGP.
POL-133,Corporate (Local LLC),Used (Up to 5 yrs),18.33,60,55,10000,This policy applies to Corporate (Local LLC) applicants purchasing Used (Up to 5 yrs) vehicles. The interest rate is set at 18.33% with a maximum repayment period of 60 months. Applicants must not exceed a Debt Burden Ratio (DBR) of 55%. Minimum verifiable monthly income requirement is 10000 EGP.
POL-134,Expat (Remittance),Electric/Hybrid,15.22,84,60,5000,This policy applies to Expat (Remittance) applicants purchasing Electric/Hybrid vehicles. The interest rate is set at 15.22% with a maximum repayment period of 84 months. Applicants must not exceed a Debt Burden Ratio (DBR) of 60%. Minimum verifiable monthly income requirement is 5000 EGP.
POL-135,Self-Employed (Professional),Electric/Hybrid,17.37,48,45,25000,This policy applies to Self-Employed (Professional) applicants purchasing Electric/Hybrid vehicles. The interest rate is set at 17.37% with a maximum repayment period of 48 months. Applicants must not exceed a Debt Burden Ratio (DBR) of 45%. Minimum verifiable monthly income requirement is 25000 EGP.
POL-136,Self-Employed (Professional),Commercial Trucks,19.47,72,35,25000,This policy applies to Self-Employed (Professional) applicants purchasing Commercial Trucks vehicles. The interest rate is set at 19.47% with a maximum repayment period of 72 months. Applicants must not exceed a Debt Burden Ratio (DBR) of 35%. Minimum verifiable monthly income requirement is 25000 EGP.
POL-137,Freelancer (Tech),Used (Up to 10 yrs),20.87,36,45,15000,This policy applies to Freelancer (Tech) applicants purchasing Used (Up to 10 yrs) vehicles. The interest rate is set at 20.87% with a maximum repayment period of 36 months. Applicants must not exceed a Debt Burden Ratio (DBR) of 45%. Minimum verifiable monthly income requirement is 15000 EGP.
POL-138,Corporate (Local LLC),New Only,14.27,60,50,25000,This policy applies to Corporate (Local LLC) applicants purchasing New Only vehicles. The interest rate is set at 14.27% with a maximum repayment period of 60 months. Applicants must not exceed a Debt Burden Ratio (DBR) of 50%. Minimum verifiable monthly income requirement is 25000 EGP.
POL-139,Corporate (Local LLC),Used (Up to 10 yrs),16.94,36,50,25000,This policy applies to Corporate (Local LLC) applicants purchasing Used (Up to 10 yrs) vehicles. The interest rate is set at 16.94% with a maximum repayment period of 36 months. Applicants must not exceed a Debt Burden Ratio (DBR) of 50%. Minimum verifiable monthly income requirement is 25000 EGP.
POL-140,Freelancer (Tech),New Only,19.23,72,35,7000,This policy applies to Freelancer (Tech) applicants purchasing New Only vehicles. The interest rate is set at 19.23% with a maximum repayment period of 72 months. Applicants must not exceed a Debt Burden Ratio (DBR) of 35%. Minimum verifiable monthly income requirement is 7000 EGP.
POL-141,Expat (Remittance),Commercial Trucks,14.91,84,60,10000,This policy applies to Expat (Remittance) applicants purchasing Commercial Trucks vehicles. The interest rate is set at 14.91% with a maximum repayment period of 84 months. Applicants must not exceed a Debt Burden Ratio (DBR) of 60%. Minimum verifiable monthly income requirement is 10000 EGP.
POL-142,Salaried (Private),Commercial Trucks,14.2,60,45,7000,This policy applies to Salaried (Private) applicants purchasing Commercial Trucks vehicles. The interest rate is set at 14.2% with a maximum repayment period of 60 months. Applicants must not exceed a Debt Burden Ratio (DBR) of 45%. Minimum verifiable monthly income requirement is 7000 EGP.
POL-143,Corporate (Multinational),Commercial Trucks,16.53,36,50,7000,This policy applies to Corporate (Multinational) applicants purchasing Commercial Trucks vehicles. The interest rate is set at 16.53% with a maximum repayment period of 36 months. Applicants must not exceed a Debt Burden Ratio (DBR) of 50%. Minimum verifiable monthly income requirement is 7000 EGP.
POL-144,Corporate (Local LLC),Commercial Trucks,14.63,48,60,15000,This policy applies to Corporate (Local LLC) applicants purchasing Commercial Trucks vehicles. The interest rate is set at 14.63% with a maximum repayment period of 48 months. Applicants must not exceed a Debt Burden Ratio (DBR) of 60%. Minimum verifiable monthly income requirement is 15000 EGP.
POL-145,Corporate (Multinational),Used (Up to 5 yrs),16.66,84,60,15000,This policy applies to Corporate (Multinational) applicants purchasing Used (Up to 5 yrs) vehicles. The interest rate is set at 16.66% with a maximum repayment period of 84 months. Applicants must not exceed a Debt Burden Ratio (DBR) of 60%. Minimum verifiable monthly income requirement is 15000 EGP.
POL-146,Expat (Remittance),Used (Up to 5 yrs),16.76,72,35,5000,This policy applies to Expat (Remittance) applicants purchasing Used (Up to 5 yrs) vehicles. The interest rate is set at 16.76% with a maximum repayment period of 72 months. Applicants must not exceed a Debt Burden Ratio (DBR) of 35%. Minimum verifiable monthly income requirement is 5000 EGP.
POL-147,Freelancer (Tech),Commercial Trucks,18.43,48,60,15000,This policy applies to Freelancer (Tech) applicants purchasing Commercial Trucks vehicles. The interest rate is set at 18.43% with a maximum repayment period of 48 months. Applicants must not exceed a Debt Burden Ratio (DBR) of 60%. Minimum verifiable monthly income requirement is 15000 EGP.
POL-148,Freelancer (Tech),Electric/Hybrid,17.47,60,35,15000,This policy applies to Freelancer (Tech) applicants purchasing Electric/Hybrid vehicles. The interest rate is set at 17.47% with a maximum repayment period of 60 months. Applicants must not exceed a Debt Burden Ratio (DBR) of 35%. Minimum verifiable monthly income requirement is 15000 EGP.
POL-149,Self-Employed (Professional),New Only,18.47,72,40,5000,This policy applies to Self-Employed (Professional) applicants purchasing New Only vehicles. The interest rate is set at 18.47% with a maximum repayment period of 72 months. Applicants must not exceed a Debt Burden Ratio (DBR) of 40%. Minimum verifiable monthly income requirement is 5000 EGP.
POL-150,Self-Employed (Commercial),Electric/Hybrid,18.84,72,50,40000,This policy applies to Self-Employed (Commercial) applicants purchasing Electric/Hybrid vehicles. The interest rate is set at 18.84% with a maximum repayment period of 72 months. Applicants must not exceed a Debt Burden Ratio (DBR) of 50%. Minimum verifiable monthly income requirement is 40000 EGP.
POL-151,Freelancer (Creative),New Only,20.27,36,55,15000,This policy applies to Freelancer (Creative) applicants purchasing New Only vehicles. The interest rate is set at 20.27% with a maximum repayment period of 36 months. Applicants must not exceed a Debt Burden Ratio (DBR) of 55%. Minimum verifiable monthly income requirement is 15000 EGP.
POL-152,Corporate (Multinational),Electric/Hybrid,13.63,84,50,15000,This policy applies to Corporate (Multinational) applicants purchasing Electric/Hybrid vehicles. The interest rate is set at 13.63% with a maximum repayment period of 84 months. Applicants must not exceed a Debt Burden Ratio (DBR) of 50%. Minimum verifiable monthly income requirement is 15000 EGP.
POL-153,Freelancer (Creative),New Only,19.92,48,40,15000,This policy applies to Freelancer (Creative) applicants purchasing New Only vehicles. The interest rate is set at 19.92% with a maximum repayment period of 48 months. Applicants must not exceed a Debt Burden Ratio (DBR) of 40%. Minimum verifiable monthly income requirement is 15000 EGP.
POL-154,Corporate (Local LLC),New Only,15.46,36,35,10000,This policy applies to Corporate (Local LLC) applicants purchasing New Only vehicles. The interest rate is set at 15.46% with a maximum repayment period of 36 months. Applicants must not exceed a Debt Burden Ratio (DBR) of 35%. Minimum verifiable monthly income requirement is 10000 EGP.
POL-155,Freelancer (Tech),New Only,18.96,72,45,40000,This policy applies to Freelancer (Tech) applicants purchasing New Only vehicles. The interest rate is set at 18.96% with a maximum repayment period of 72 months. Applicants must not exceed a Debt Burden Ratio (DBR) of 45%. Minimum verifiable monthly income requirement is 40000 EGP.
POL-156,Salaried (Private),Electric/Hybrid,15.47,60,45,15000,This policy applies to Salaried (Private) applicants purchasing Electric/Hybrid vehicles. The interest rate is set at 15.47% with a maximum repayment period of 60 months. Applicants must not exceed a Debt Burden Ratio (DBR) of 45%. Minimum verifiable monthly income requirement is 15000 EGP.
POL-157,Salaried (Public Sector),Used (Up to 5 yrs),18.0,60,45,10000,This policy applies to Salaried (Public Sector) applicants purchasing Used (Up to 5 yrs) vehicles. The interest rate is set at 18.0% with a maximum repayment period of 60 months. Applicants must not exceed a Debt Burden Ratio (DBR) of 45%. Minimum verifiable monthly income requirement is 10000 EGP.
POL-158,Freelancer (Tech),New Only,20.65,96,35,10000,This policy applies to Freelancer (Tech) applicants purchasing New Only vehicles. The interest rate is set at 20.65% with a maximum repayment period of 96 months. Applicants must not exceed a Debt Burden Ratio (DBR) of 35%. Minimum verifiable monthly income requirement is 10000 EGP.
POL-159,Retired / Pensioner,Electric/Hybrid,14.23,72,50,25000,This policy applies to Retired / Pensioner applicants purchasing Electric/Hybrid vehicles. The interest rate is set at 14.23% with a maximum repayment period of 72 months. Applicants must not exceed a Debt Burden Ratio (DBR) of 50%. Minimum verifiable monthly income requirement is 25000 EGP.
POL-160,Freelancer (Tech),New Only,19.59,72,40,40000,This policy applies to Freelancer (Tech) applicants purchasing New Only vehicles. The interest rate is set at 19.59% with a maximum repayment period of 72 months. Applicants must not exceed a Debt Burden Ratio (DBR) of 40%. Minimum verifiable monthly income requirement is 40000 EGP.
POL-161,Freelancer (Creative),New Only,19.68,60,50,10000,This policy applies to Freelancer (Creative) applicants purchasing New Only vehicles. The interest rate is set at 19.68% with a maximum repayment period of 60 months. Applicants must not exceed a Debt Burden Ratio (DBR) of 50%. Minimum verifiable monthly income requirement is 10000 EGP.
POL-162,Expat (Remittance),Electric/Hybrid,13.38,60,40,5000,This policy applies to Expat (Remittance) applicants purchasing Electric/Hybrid vehicles. The interest rate is set at 13.38% with a maximum repayment period of 60 months. Applicants must not exceed a Debt Burden Ratio (DBR) of 40%. Minimum verifiable monthly income requirement is 5000 EGP.
POL-163,Expat (Remittance),New Only,16.46,36,35,10000,This policy applies to Expat (Remittance) applicants purchasing New Only vehicles. The interest rate is set at 16.46% with a maximum repayment period of 36 months. Applicants must not exceed a Debt Burden Ratio (DBR) of 35%. Minimum verifiable monthly income requirement is 10000 EGP.
POL-164,Salaried (Private),Commercial Trucks,15.56,96,55,25000,This policy applies to Salaried (Private) applicants purchasing Commercial Trucks vehicles. The interest rate is set at 15.56% with a maximum repayment period of 96 months. Applicants must not exceed a Debt Burden Ratio (DBR) of 55%. Minimum verifiable monthly income requirement is 25000 EGP.
POL-165,Expat (Remittance),Electric/Hybrid,14.86,48,50,7000,This policy applies to Expat (Remittance) applicants purchasing Electric/Hybrid vehicles. The interest rate is set at 14.86% with a maximum repayment period of 48 months. Applicants must not exceed a Debt Burden Ratio (DBR) of 50%. Minimum verifiable monthly income requirement is 7000 EGP.
POL-166,Self-Employed (Commercial),Commercial Trucks,19.01,36,40,10000,This policy applies to Self-Employed (Commercial) applicants purchasing Commercial Trucks vehicles. The interest rate is set at 19.01% with a maximum repayment period of 36 months. Applicants must not exceed a Debt Burden Ratio (DBR) of 40%. Minimum verifiable monthly income requirement is 10000 EGP.
POL-167,Expat (Remittance),Used (Up to 5 yrs),18.95,84,60,10000,This policy applies to Expat (Remittance) applicants purchasing Used (Up to 5 yrs) vehicles. The interest rate is set at 18.95% with a maximum repayment period of 84 months. Applicants must not exceed a Debt Burden Ratio (DBR) of 60%. Minimum verifiable monthly income requirement is 10000 EGP.
POL-168,Self-Employed (Commercial),Used (Up to 10 yrs),21.89,96,35,25000,This policy applies to Self-Employed (Commercial) applicants purchasing Used (Up to 10 yrs) vehicles. The interest rate is set at 21.89% with a maximum repayment period of 96 months. Applicants must not exceed a Debt Burden Ratio (DBR) of 35%. Minimum verifiable monthly income requirement is 25000 EGP.
POL-169,Self-Employed (Commercial),Electric/Hybrid,19.22,60,45,7000,This policy applies to Self-Employed (Commercial) applicants purchasing Electric/Hybrid vehicles. The interest rate is set at 19.22% with a maximum repayment period of 60 months. Applicants must not exceed a Debt Burden Ratio (DBR) of 45%. Minimum verifiable monthly income requirement is 7000 EGP.
POL-170,Expat (Remittance),Used (Up to 10 yrs),17.36,72,50,5000,This policy applies to Expat (Remittance) applicants purchasing Used (Up to 10 yrs) vehicles. The interest rate is set at 17.36% with a maximum repayment period of 72 months. Applicants must not exceed a Debt Burden Ratio (DBR) of 50%. Minimum verifiable monthly income requirement is 5000 EGP.
POL-171,Salaried (Public Sector),Used (Up to 5 yrs),17.24,84,50,5000,This policy applies to Salaried (Public Sector) applicants purchasing Used (Up to 5 yrs) vehicles. The interest rate is set at 17.24% with a maximum repayment period of 84 months. Applicants must not exceed a Debt Burden Ratio (DBR) of 50%. Minimum verifiable monthly income requirement is 5000 EGP.
POL-172,Corporate (Multinational),Commercial Trucks,15.24,72,55,5000,This policy applies to Corporate (Multinational) applicants purchasing Commercial Trucks vehicles. The interest rate is set at 15.24% with a maximum repayment period of 72 months. Applicants must not exceed a Debt Burden Ratio (DBR) of 55%. Minimum verifiable monthly income requirement is 5000 EGP.
POL-173,Salaried (Private),Commercial Trucks,15.85,36,50,40000,This policy applies to Salaried (Private) applicants purchasing Commercial Trucks vehicles. The interest rate is set at 15.85% with a maximum repayment period of 36 months. Applicants must not exceed a Debt Burden Ratio (DBR) of 50%. Minimum verifiable monthly income requirement is 40000 EGP.
POL-174,Corporate (Local LLC),New Only,16.65,84,40,15000,This policy applies to Corporate (Local LLC) applicants purchasing New Only vehicles. The interest rate is set at 16.65% with a maximum repayment period of 84 months. Applicants must not exceed a Debt Burden Ratio (DBR) of 40%. Minimum verifiable monthly income requirement is 15000 EGP.
POL-175,Salaried (Private),New Only,16.83,96,55,7000,This policy applies to Salaried (Private) applicants purchasing New Only vehicles. The interest rate is set at 16.83% with a maximum repayment period of 96 months. Applicants must not exceed a Debt Burden Ratio (DBR) of 55%. Minimum verifiable monthly income requirement is 7000 EGP.
POL-176,Salaried (Private),Electric/Hybrid,14.03,36,50,40000,This policy applies to Salaried (Private) applicants purchasing Electric/Hybrid vehicles. The interest rate is set at 14.03% with a maximum repayment period of 36 months. Applicants must not exceed a Debt Burden Ratio (DBR) of 50%. Minimum verifiable monthly income requirement is 40000 EGP.
POL-177,Freelancer (Creative),Commercial Trucks,18.63,48,35,5000,This policy applies to Freelancer (Creative) applicants purchasing Commercial Trucks vehicles. The interest rate is set at 18.63% with a maximum repayment period of 48 months. Applicants must not exceed a Debt Burden Ratio (DBR) of 35%. Minimum verifiable monthly income requirement is 5000 EGP.
POL-178,Freelancer (Tech),Electric/Hybrid,19.49,36,35,5000,This policy applies to Freelancer (Tech) applicants purchasing Electric/Hybrid vehicles. The interest rate is set at 19.49% with a maximum repayment period of 36 months. Applicants must not exceed a Debt Burden Ratio (DBR) of 35%. Minimum verifiable monthly income requirement is 5000 EGP.
POL-179,Freelancer (Tech),Used (Up to 5 yrs),20.68,72,35,5000,This policy applies to Freelancer (Tech) applicants purchasing Used (Up to 5 yrs) vehicles. The interest rate is set at 20.68% with a maximum repayment period of 72 months. Applicants must not exceed a Debt Burden Ratio (DBR) of 35%. Minimum verifiable monthly income requirement is 5000 EGP.
POL-180,Self-Employed (Commercial),Used (Up to 10 yrs),20.76,36,60,40000,This policy applies to Self-Employed (Commercial) applicants purchasing Used (Up to 10 yrs) vehicles. The interest rate is set at 20.76% with a maximum repayment period of 36 months. Applicants must not exceed a Debt Burden Ratio (DBR) of 60%. Minimum verifiable monthly income requirement is 40000 EGP.
POL-181,Freelancer (Tech),New Only,19.62,48,55,25000,This policy applies to Freelancer (Tech) applicants purchasing New Only vehicles. The interest rate is set at 19.62% with a maximum repayment period of 48 months. Applicants must not exceed a Debt Burden Ratio (DBR) of 55%. Minimum verifiable monthly income requirement is 25000 EGP.
POL-182,Salaried (Private),Commercial Trucks,15.23,48,50,10000,This policy applies to Salaried (Private) applicants purchasing Commercial Trucks vehicles. The interest rate is set at 15.23% with a maximum repayment period of 48 months. Applicants must not exceed a Debt Burden Ratio (DBR) of 50%. Minimum verifiable monthly income requirement is 10000 EGP.
POL-183,Self-Employed (Commercial),Used (Up to 10 yrs),23.0,48,35,10000,This policy applies to Self-Employed (Commercial) applicants purchasing Used (Up to 10 yrs) vehicles. The interest rate is set at 23.0% with a maximum repayment period of 48 months. Applicants must not exceed a Debt Burden Ratio (DBR) of 35%. Minimum verifiable monthly income requirement is 10000 EGP.
POL-184,Retired / Pensioner,Electric/Hybrid,13.23,48,45,40000,This policy applies to Retired / Pensioner applicants purchasing Electric/Hybrid vehicles. The interest rate is set at 13.23% with a maximum repayment period of 48 months. Applicants must not exceed a Debt Burden Ratio (DBR) of 45%. Minimum verifiable monthly income requirement is 40000 EGP.
POL-185,Corporate (Multinational),Commercial Trucks,14.69,60,45,40000,This policy applies to Corporate (Multinational) applicants purchasing Commercial Trucks vehicles. The interest rate is set at 14.69% with a maximum repayment period of 60 months. Applicants must not exceed a Debt Burden Ratio (DBR) of 45%. Minimum verifiable monthly income requirement is 40000 EGP.
POL-186,Salaried (Private),Used (Up to 5 yrs),17.05,84,40,15000,This policy applies to Salaried (Private) applicants purchasing Used (Up to 5 yrs) vehicles. The interest rate is set at 17.05% with a maximum repayment period of 84 months. Applicants must not exceed a Debt Burden Ratio (DBR) of 40%. Minimum verifiable monthly income requirement is 15000 EGP.
POL-187,Corporate (Local LLC),Used (Up to 10 yrs),18.78,48,35,15000,This policy applies to Corporate (Local LLC) applicants purchasing Used (Up to 10 yrs) vehicles. The interest rate is set at 18.78% with a maximum repayment period of 48 months. Applicants must not exceed a Debt Burden Ratio (DBR) of 35%. Minimum verifiable monthly income requirement is 15000 EGP.
POL-188,Salaried (Private),Used (Up to 10 yrs),18.8,84,45,7000,This policy applies to Salaried (Private) applicants purchasing Used (Up to 10 yrs) vehicles. The interest rate is set at 18.8% with a maximum repayment period of 84 months. Applicants must not exceed a Debt Burden Ratio (DBR) of 45%. Minimum verifiable monthly income requirement is 7000 EGP.
POL-189,Expat (Remittance),Used (Up to 10 yrs),18.22,96,55,15000,This policy applies to Expat (Remittance) applicants purchasing Used (Up to 10 yrs) vehicles. The interest rate is set at 18.22% with a maximum repayment period of 96 months. Applicants must not exceed a Debt Burden Ratio (DBR) of 55%. Minimum verifiable monthly income requirement is 15000 EGP.
POL-190,Self-Employed (Professional),Commercial Trucks,18.29,60,45,40000,This policy applies to Self-Employed (Professional) applicants purchasing Commercial Trucks vehicles. The interest rate is set at 18.29% with a maximum repayment period of 60 months. Applicants must not exceed a Debt Burden Ratio (DBR) of 45%. Minimum verifiable monthly income requirement is 40000 EGP.
POL-191,Salaried (Public Sector),Used (Up to 10 yrs),16.2,72,60,15000,This policy applies to Salaried (Public Sector) applicants purchasing Used (Up to 10 yrs) vehicles. The interest rate is set at 16.2% with a maximum repayment period of 72 months. Applicants must not exceed a Debt Burden Ratio (DBR) of 60%. Minimum verifiable monthly income requirement is 15000 EGP.
POL-192,Self-Employed (Professional),Used (Up to 5 yrs),20.55,96,45,7000,This policy applies to Self-Employed (Professional) applicants purchasing Used (Up to 5 yrs) vehicles. The interest rate is set at 20.55% with a maximum repayment period of 96 months. Applicants must not exceed a Debt Burden Ratio (DBR) of 45%. Minimum verifiable monthly income requirement is 7000 EGP.
POL-193,Corporate (Local LLC),Used (Up to 10 yrs),17.45,60,45,5000,This policy applies to Corporate (Local LLC) applicants purchasing Used (Up to 10 yrs) vehicles. The interest rate is set at 17.45% with a maximum repayment period of 60 months. Applicants must not exceed a Debt Burden Ratio (DBR) of 45%. Minimum verifiable monthly income requirement is 5000 EGP.
POL-194,Salaried (Private),Commercial Trucks,14.76,60,60,40000,This policy applies to Salaried (Private) applicants purchasing Commercial Trucks vehicles. The interest rate is set at 14.76% with a maximum repayment period of 60 months. Applicants must not exceed a Debt Burden Ratio (DBR) of 60%. Minimum verifiable monthly income requirement is 40000 EGP.
POL-195,Expat (Remittance),New Only,16.03,84,60,15000,This policy applies to Expat (Remittance) applicants purchasing New Only vehicles. The interest rate is set at 16.03% with a maximum repayment period of 84 months. Applicants must not exceed a Debt Burden Ratio (DBR) of 60%. Minimum verifiable monthly income requirement is 15000 EGP.
POL-196,Salaried (Public Sector),Commercial Trucks,14.35,36,40,40000,This policy applies to Salaried (Public Sector) applicants purchasing Commercial Trucks vehicles. The interest rate is set at 14.35% with a maximum repayment period of 36 months. Applicants must not exceed a Debt Burden Ratio (DBR) of 40%. Minimum verifiable monthly income requirement is 40000 EGP.
POL-197,Freelancer (Tech),Used (Up to 10 yrs),22.94,60,60,25000,This policy applies to Freelancer (Tech) applicants purchasing Used (Up to 10 yrs) vehicles. The interest rate is set at 22.94% with a maximum repayment period of 60 months. Applicants must not exceed a Debt Burden Ratio (DBR) of 60%. Minimum verifiable monthly income requirement is 25000 EGP.
POL-198,Corporate (Multinational),New Only,16.25,48,50,10000,This policy applies to Corporate (Multinational) applicants purchasing New Only vehicles. The interest rate is set at 16.25% with a maximum repayment period of 48 months. Applicants must not exceed a Debt Burden Ratio (DBR) of 50%. Minimum verifiable monthly income requirement is 10000 EGP.
POL-199,Freelancer (Creative),Used (Up to 10 yrs),20.59,72,60,5000,This policy applies to Freelancer (Creative) applicants purchasing Used (Up to 10 yrs) vehicles. The interest rate is set at 20.59% with a maximum repayment period of 72 months. Applicants must not exceed a Debt Burden Ratio (DBR) of 60%. Minimum verifiable monthly income requirement is 5000 EGP.
POL-200,Retired / Pensioner,Commercial Trucks,16.04,60,45,40000,This policy applies to Retired / Pensioner applicants purchasing Commercial Trucks vehicles. The interest rate is set at 16.04% with a maximum repayment period of 60 months. Applicants must not exceed a Debt Burden Ratio (DBR) of 45%. Minimum verifiable monthly income requirement is 40000 EGP.
