document,document_file_path,policy_id,employment_category,min_income_egp
This policy applies to Corporate (Multinational) applicants purchasing New Only vehicles. The interest rate is set at 15.1% with a maximum repayment period of 96 months. Applicants must not exceed a Debt Burden Ratio (DBR) of 45%. Minimum verifiable monthly income requirement is 5000 EGP.,policy_001.txt,POL-001,Corporate (Multinational),5000
This policy applies to Retired / Pensioner applicants purchasing Used (Up to 10 yrs) vehicles. The interest rate is set at 18.75% with a maximum repayment period of 96 months. Applicants must not exceed a Debt Burden Ratio (DBR) of 45%. Minimum verifiable monthly income requirement is 25000 EGP.,policy_002.txt,POL-002,Retired / Pensioner,25000
This policy applies to Retired / Pensioner applicants purchasing Used (Up to 5 yrs) vehicles. The interest rate is set at 17.68% with a maximum repayment period of 84 months. Applicants must not exceed a Debt Burden Ratio (DBR) of 60%. Minimum verifiable monthly income requirement is 40000 EGP.,policy_003.txt,POL-003,Retired / Pensioner,40000
This policy applies to Salaried (Private) applicants purchasing Electric/Hybrid vehicles. The interest rate is set at 12.57% with a maximum repayment period of 60 months. Applicants must not exceed a Debt Burden Ratio (DBR) of 50%. Minimum verifiable monthly income requirement is 5000 EGP.,policy_004.txt,POL-004,Salaried (Private),5000
This policy applies to Expat (Remittance) applicants purchasing Commercial Trucks vehicles. The interest rate is set at 15.69% with a maximum repayment period of 72 months. Applicants must not exceed a Debt Burden Ratio (DBR) of 40%. Minimum verifiable monthly income requirement is 25000 EGP.,policy_005.txt,POL-005,Expat (Remittance),25000
This policy applies to Freelancer (Tech) applicants purchasing Used (Up to 5 yrs) vehicles. The interest rate is set at 21.18% with a maximum repayment period of 36 months. Applicants must not exceed a Debt Burden Ratio (DBR) of 40%. Minimum verifiable monthly income requirement is 5000 EGP.,policy_006.txt,POL-006,Freelancer (Tech),5000
This policy applies to Salaried (Public Sector) applicants purchasing Commercial Trucks vehicles. The interest rate is set at 14.75% with a maximum repayment period of 96 months. Applicants must not exceed a Debt Burden Ratio (DBR) of 40%. Minimum verifiable monthly income requirement is 7000 EGP.,policy_007.txt,POL-007,Salaried (Public Sector),7000
This policy applies to Corporate (Local LLC) applicants purchasing Used (Up to 10 yrs) vehicles. The interest rate is set at 17.85% with a maximum repayment period of 72 months. Applicants must not exceed a Debt Burden Ratio (DBR) of 55%. Minimum verifiable monthly income requirement is 7000 EGP.,policy_008.txt,POL-008,Corporate (Local LLC),7000
This policy applies to Salaried (Public Sector) applicants purchasing Electric/Hybrid vehicles. The interest rate is set at 15.09% with a maximum repayment period of 84 months. Applicants must not exceed a Debt Burden Ratio (DBR) of 40%. Minimum verifiable monthly income requirement is 15000 EGP.,policy_009.txt,POL-009,Salaried (Public Sector),15000
This policy applies to Salaried (Public Sector) applicants purchasing Used (Up to 10 yrs) vehicles. The interest rate is set at 17.4% with a maximum repayment period of 72 months. Applicants must not exceed a Debt Burden Ratio (DBR) of 55%. Minimum verifiable monthly income requirement is 5000 EGP.,policy_010.txt,POL-010,Salaried (Public Sector),5000
This policy applies to Corporate (Local LLC) applicants purchasing New Only vehicles. The interest rate is set at 15.51% with a maximum repayment period of 96 months. Applicants must not exceed a Debt Burden Ratio (DBR) of 35%. Minimum verifiable monthly income requirement is 25000 EGP.,policy_011.txt,POL-011,Corporate (Local LLC),25000
This policy applies to Salaried (Private) applicants purchasing Electric/Hybrid vehicles. The interest rate is set at 15.27% with a maximum repayment period of 96 months. Applicants must not exceed a Debt Burden Ratio (DBR) of 55%. Minimum verifiable monthly income requirement is 5000 EGP.,policy_012.txt,POL-012,Salaried (Private),5000
This policy applies to Self-Employed (Professional) applicants purchasing New Only vehicles. The interest rate is set at 19.96% with a maximum repayment period of 48 months. Applicants must not exceed a Debt Burden Ratio (DBR) of 50%. Minimum verifiable monthly income requirement is 25000 EGP.,policy_013.txt,POL-013,Self-Employed (Professional),25000
This policy applies to Salaried (Public Sector) applicants purchasing Commercial Trucks vehicles. The interest rate is set at 16.26% with a maximum repayment period of 36 months. Applicants must not exceed a Debt Burden Ratio (DBR) of 35%. Minimum verifiable monthly income requirement is 15000 EGP.,policy_014.txt,POL-014,Salaried (Public Sector),15000
This policy applies to Expat (Remittance) applicants purchasing Used (Up to 10 yrs) vehicles. The interest rate is set at 17.2% with a maximum repayment period of 36 months. Applicants must not exceed a Debt Burden Ratio (DBR) of 45%. Minimum verifiable monthly income requirement is 15000 EGP.,policy_015.txt,POL-015,Expat (Remittance),15000
This policy applies to Salaried (Public Sector) applicants purchasing Used (Up to 5 yrs) vehicles. The interest rate is set at 17.07% with a maximum repayment period of 36 months. Applicants must not exceed a Debt Burden Ratio (DBR) of 55%. Minimum verifiable monthly income requirement is 25000 EGP.,policy_016.txt,POL-016,Salaried (Public Sector),25000
This policy applies to Freelancer (Creative) applicants purchasing Used (Up to 10 yrs) vehicles. The interest rate is set at 21.26% with a maximum repayment period of 84 months. Applicants must not exceed a Debt Burden Ratio (DBR) of 40%. Minimum verifiable monthly income requirement is 25000 EGP.,policy_017.txt,POL-017,Freelancer (Creative),25000
This policy applies to Self-Employed (Professional) applicants purchasing Electric/Hybrid vehicles. The interest rate is set at 18.6% with a maximum repayment period of 48 months. Applicants must not exceed a Debt Burden Ratio (DBR) of 50%. Minimum verifiable monthly income requirement is 15000 EGP.,policy_018.txt,POL-018,Self-Employed (Professional),15000
This policy applies to Retired / Pensioner applicants purchasing Electric/Hybrid vehicles. The interest rate is set at 15.12% with a maximum repayment period of 96 months. Applicants must not exceed a Debt Burden Ratio (DBR) of 50%. Minimum verifiable monthly income requirement is 40000 EGP.,policy_019.txt,POL-019,Retired / Pensioner,40000
This policy applies to Freelancer (Tech) applicants purchasing Commercial Trucks vehicles. The interest rate is set at 20.51% with a maximum repayment period of 96 months. Applicants must not exceed a Debt Burden Ratio (DBR) of 60%. Minimum verifiable monthly income requirement is 15000 EGP.,policy_020.txt,POL-020,Freelancer (Tech),15000
This policy applies to Corporate (Multinational) applicants purchasing Electric/Hybrid vehicles. The interest rate is set at 15.38% with a maximum repayment period of 60 months. Applicants must not exceed a Debt Burden Ratio (DBR) of 60%. Minimum verifiable monthly income requirement is 40000 EGP.,policy_021.txt,POL-021,Corporate (Multinational),40000
This policy applies to Salaried (Private) applicants purchasing Electric/Hybrid vehicles. The interest rate is set at 15.11% with a maximum repayment period of 84 months. Applicants must not exceed a Debt Burden Ratio (DBR) of 40%. Minimum verifiable monthly income requirement is 15000 EGP.,policy_022.txt,POL-022,Salaried (Private),15000
This policy applies to Freelancer (Tech) applicants purchasing New Only vehicles. The interest rate is set at 20.04% with a maximum repayment period of 72 months. Applicants must not exceed a Debt Burden Ratio (DBR) of 45%. Minimum verifiable monthly income requirement is 40000 EGP.,policy_023.txt,POL-023,Freelancer (Tech),40000
This policy applies to Corporate (Multinational) applicants purchasing Electric/Hybrid vehicles. The interest rate is set at 14.76% with a maximum repayment period of 84 months. Applicants must not exceed a Debt Burden Ratio (DBR) of 45%. Minimum verifiable monthly income requirement is 10000 EGP.,policy_024.txt,POL-024,Corporate (Multinational),10000
This policy applies to Self-Employed (Professional) applicants purchasing New Only vehicles. The interest rate is set at 19.8% with a maximum repayment period of 72 months. Applicants must not exceed a Debt Burden Ratio (DBR) of 55%. Minimum verifiable monthly income requirement is 25000 EGP.,policy_025.txt,POL-025,Self-Employed (Professional),25000
This policy applies to Freelancer (Tech) applicants purchasing Electric/Hybrid vehicles. The interest rate is set at 17.98% with a maximum repayment period of 48 months. Applicants must not exceed a Debt Burden Ratio (DBR) of 35%. Minimum verifiable monthly income requirement is 25000 EGP.,policy_026.txt,POL-026,Freelancer (Tech),25000
This policy applies to Self-Employed (Commercial) applicants purchasing Used (Up to 10 yrs) vehicles. The interest rate is set at 22.32% with a maximum repayment period of 48 months. Applicants must not exceed a Debt Burden Ratio (DBR) of 55%. Minimum verifiable monthly income requirement is 5000 EGP.,policy_027.txt,POL-027,Self-Employed (Commercial),5000
This policy applies to Corporate (Local LLC) applicants purchasing Electric/Hybrid vehicles. The interest rate is set at 14.38% with a maximum repayment period of 36 months. Applicants must not exceed a Debt Burden Ratio (DBR) of 45%. Minimum verifiable monthly income requirement is 25000 EGP.,policy_028.txt,POL-028,Corporate (Local LLC),25000
This policy applies to Salaried (Public Sector) applicants purchasing Electric/Hybrid vehicles. The interest rate is set at 12.53% with a maximum repayment period of 60 months. Applicants must not exceed a Debt Burden Ratio (DBR) of 45%. Minimum verifiable monthly income requirement is 25000 EGP.,policy_029.txt,POL-029,Salaried (Public Sector),25000
This policy applies to Self-Employed (Professional) applicants purchasing Commercial Trucks vehicles. The interest rate is set at 18.75% with a maximum repayment period of 60 months. Applicants must not exceed a Debt Burden Ratio (DBR) of 40%. Minimum verifiable monthly income requirement is 10000 EGP.,policy_030.txt,POL-030,Self-Employed (Professional),10000
This policy applies to Salaried (Private) applicants purchasing Used (Up to 10 yrs) vehicles. The interest rate is set at 16.06% with a maximum repayment period of 72 months. Applicants must not exceed a Debt Burden Ratio (DBR) of 35%. Minimum verifiable monthly income requirement is 40000 EGP.,policy_031.txt,POL-031,Salaried (Private),40000
This policy applies to Corporate (Multinational) applicants purchasing Electric/Hybrid vehicles. The interest rate is set at 13.78% with a maximum repayment period of 36 months. Applicants must not exceed a Debt Burden Ratio (DBR) of 45%. Minimum verifiable monthly income requirement is 5000 EGP.,policy_032.txt,POL-032,Corporate (Multinational),5000
This policy applies to Corporate (Multinational) applicants purchasing Used (Up to 5 yrs) vehicles. The interest rate is set at 17.31% with a maximum repayment period of 48 months. Applicants must not exceed a Debt Burden Ratio (DBR) of 50%. Minimum verifiable monthly income requirement is 5000 EGP.,policy_033.txt,POL-033,Corporate (Multinational),5000
This policy applies to Freelancer (Creative) applicants purchasing Used (Up to 10 yrs) vehicles. The interest rate is set at 20.63% with a maximum repayment period of 60 months. Applicants must not exceed a Debt Burden Ratio (DBR) of 60%. Minimum verifiable monthly income requirement is 7000 EGP.,policy_034.txt,POL-034,Freelancer (Creative),7000
This policy applies to Salaried (Private) applicants purchasing Used (Up to 5 yrs) vehicles. The interest rate is set at 16.27% with a maximum repayment period of 48 months. Applicants must not exceed a Debt Burden Ratio (DBR) of 45%. Minimum verifiable monthly income requirement is 40000 EGP.,policy_035.txt,POL-035,Salaried (Private),40000
This policy applies to Self-Employed (Professional) applicants purchasing Electric/Hybrid vehicles. The interest rate is set at 17.07% with a maximum repayment period of 36 months. Applicants must not exceed a Debt Burden Ratio (DBR) of 55%. Minimum verifiable monthly income requirement is 7000 EGP.,policy_036.txt,POL-036,Self-Employed (Professional),7000
This policy applies to Self-Employed (Commercial) applicants purchasing Used (Up to 10 yrs) vehicles. The interest rate is set at 20.41% with a maximum repayment period of 84 months. Applicants must not exceed a Debt Burden Ratio (DBR) of 60%. Minimum verifiable monthly income requirement is 10000 EGP.,policy_037.txt,POL-037,Self-Employed (Commercial),10000
This policy applies to Corporate (Local LLC) applicants purchasing Electric/Hybrid vehicles. The interest rate is set at 13.58% with a maximum repayment period of 60 months. Applicants must not exceed a Debt Burden Ratio (DBR) of 60%. Minimum verifiable monthly income requirement is 5000 EGP.,policy_038.txt,POL-038,Corporate (Local LLC),5000
This policy applies to Retired / Pensioner applicants purchasing Commercial Trucks vehicles. The interest rate is set at 16.51% with a maximum repayment period of 96 months. Applicants must not exceed a Debt Burden Ratio (DBR) of 45%. Minimum verifiable monthly income requirement is 7000 EGP.,policy_039.txt,POL-039,Retired / Pensioner,7000
This policy applies to Salaried (Private) applicants purchasing Used (Up to 10 yrs) vehicles. The interest rate is set at 16.53% with a maximum repayment period of 48 months. Applicants must not exceed a Debt Burden Ratio (DBR) of 35%. Minimum verifiable monthly income requirement is 5000 EGP.,policy_040.txt,POL-040,Salaried (Private),5000
This policy applies to Salaried (Private) applicants purchasing Electric/Hybrid vehicles. The interest rate is set at 14.26% with a maximum repayment period of 48 months. Applicants must not exceed a Debt Burden Ratio (DBR) of 35%. Minimum verifiable monthly income requirement is 10000 EGP.,policy_041.txt,POL-041,Salaried (Private),10000
This policy applies to Expat (Remittance) applicants purchasing Used (Up to 5 yrs) vehicles. The interest rate is set at 18.98% with a maximum repayment period of 60 months. Applicants must not exceed a Debt Burden Ratio (DBR) of 35%. Minimum verifiable monthly income requirement is 40000 EGP.,policy_042.txt,POL-042,Expat (Remittance),40000
This policy applies to Self-Employed (Professional) applicants purchasing New Only vehicles. The interest rate is set at 20.24% with a maximum repayment period of 96 months. Applicants must not exceed a Debt Burden Ratio (DBR) of 40%. Minimum verifiable monthly income requirement is 40000 EGP.,policy_043.txt,POL-043,Self-Employed (Professional),40000
This policy applies to Corporate (Multinational) applicants purchasing New Only vehicles. The interest rate is set at 16.17% with a maximum repayment period of 72 months. Applicants must not exceed a Debt Burden Ratio (DBR) of 55%. Minimum verifiable monthly income requirement is 10000 EGP.,policy_044.txt,POL-044,Corporate (Multinational),10000
This policy applies to Self-Employed (Commercial) applicants purchasing New Only vehicles. The interest rate is set at 18.56% with a maximum repayment period of 48 months. Applicants must not exceed a Debt Burden Ratio (DBR) of 40%. Minimum verifiable monthly income requirement is 15000 EGP.,policy_045.txt,POL-045,Self-Employed (Commercial),15000
This policy applies to Expat (Remittance) applicants purchasing Commercial Trucks vehicles. The interest rate is set at 15.31% with a maximum repayment period of 60 months. Applicants must not exceed a Debt Burden Ratio (DBR) of 45%. Minimum verifiable monthly income requirement is 40000 EGP.,policy_046.txt,POL-046,Expat (Remittance),40000
This policy applies to Corporate (Multinational) applicants purchasing New Only vehicles. The interest rate is set at 16.45% with a maximum repayment period of 72 months. Applicants must not exceed a Debt Burden Ratio (DBR) of 35%. Minimum verifiable monthly income requirement is 15000 EGP.,policy_047.txt,POL-047,Corporate (Multinational),15000
This policy applies to Self-Employed (Professional) applicants purchasing New Only vehicles. The interest rate is set at 20.94% with a maximum repayment period of 60 months. Applicants must not exceed a Debt Burden Ratio (DBR) of 50%. Minimum verifiable monthly income requirement is 5000 EGP.,policy_048.txt,POL-048,Self-Employed (Professional),5000
This policy applies to Self-Employed (Professional) applicants purchasing Used (Up to 10 yrs) vehicles. The interest rate is set at 20.98% with a maximum repayment period of 48 months. Applicants must not exceed a Debt Burden Ratio (DBR) of 40%. Minimum verifiable monthly income requirement is 7000 EGP.,policy_049.txt,POL-049,Self-Employed (Professional),7000
This policy applies to Salaried (Private) applicants purchasing Used (Up to 5 yrs) vehicles. The interest rate is set at 16.78% with a maximum repayment period of 72 months. Applicants must not exceed a Debt Burden Ratio (DBR) of 55%. Minimum verifiable monthly income requirement is 7000 EGP.,policy_050.txt,POL-050,Salaried (Private),7000
This policy applies to Self-Employed (Professional) applicants purchasing New Only vehicles. The interest rate is set at 20.55% with a maximum repayment period of 48 months. Applicants must not exceed a Debt Burden Ratio (DBR) of 60%. Minimum verifiable monthly income requirement is 25000 EGP.,policy_051.txt,POL-051,Self-Employed (Professional),25000
This policy applies to Salaried (Public Sector) applicants purchasing Commercial Trucks vehicles. The interest rate is set at 14.5% with a maximum repayment period of 60 months. Applicants must not exceed a Debt Burden Ratio (DBR) of 60%. Minimum verifiable monthly income requirement is 25000 EGP.,policy_052.txt,POL-052,Salaried (Public Sector),25000
This policy applies to Self-Employed (Commercial) applicants purchasing Used (Up to 5 yrs) vehicles. The interest rate is set at 21.35% with a maximum repayment period of 84 months. Applicants must not exceed a Debt Burden Ratio (DBR) of 45%. Minimum verifiable monthly income requirement is 25000 EGP.,policy_053.txt,POL-053,Self-Employed (Commercial),25000
This policy applies to Freelancer (Creative) applicants purchasing Used (Up to 5 yrs) vehicles. The interest rate is set at 20.6% with a maximum repayment period of 84 months. Applicants must not exceed a Debt Burden Ratio (DBR) of 55%. Minimum verifiable monthly income requirement is 5000 EGP.,policy_054.txt,POL-054,Freelancer (Creative),5000
This policy applies to Salaried (Private) applicants purchasing Used (Up to 10 yrs) vehicles. The interest rate is set at 16.39% with a maximum repayment period of 60 months. Applicants must not exceed a Debt Burden Ratio (DBR) of 45%. Minimum verifiable monthly income requirement is 7000 EGP.,policy_055.txt,POL-055,Salaried (Private),7000
This policy applies to Salaried (Private) applicants purchasing Commercial Trucks vehicles. The interest rate is set at 15.82% with a maximum repayment period of 96 months. Applicants must not exceed a Debt Burden Ratio (DBR) of 50%. Minimum verifiable monthly income requirement is 40000 EGP.,policy_056.txt,POL-056,Salaried (Private),40000
This policy applies to Retired / Pensioner applicants purchasing Commercial Trucks vehicles. The interest rate is set at 16.14% with a maximum repayment period of 48 months. Applicants must not exceed a Debt Burden Ratio (DBR) of 60%. Minimum verifiable monthly income requirement is 10000 EGP.,policy_057.txt,POL-057,Retired / Pensioner,10000
This policy applies to Retired / Pensioner applicants purchasing New Only vehicles. The interest rate is set at 15.71% with a maximum repayment period of 36 months. Applicants must not exceed a Debt Burden Ratio (DBR) of 55%. Minimum verifiable monthly income requirement is 7000 EGP.,policy_058.txt,POL-058,Retired / Pensioner,7000
This policy applies to Salaried (Private) applicants purchasing Used (Up to 5 yrs) vehicles. The interest rate is set at 16.82% with a maximum repayment period of 84 months. Applicants must not exceed a Debt Burden Ratio (DBR) of 45%. Minimum verifiable monthly income requirement is 15000 EGP.,policy_059.txt,POL-059,Salaried (Private),15000
This policy applies to Corporate (Multinational) applicants purchasing Used (Up to 5 yrs) vehicles. The interest rate is set at 16.0% with a maximum repayment period of 84 months. Applicants must not exceed a Debt Burden Ratio (DBR) of 60%. Minimum verifiable monthly income requirement is 10000 EGP.,policy_060.txt,POL-060,Corporate (Multinational),10000
This policy applies to Expat (Remittance) applicants purchasing Used (Up to 5 yrs) vehicles. The interest rate is set at 17.17% with a maximum repayment period of 96 months. Applicants must not exceed a Debt Burden Ratio (DBR) of 55%. Minimum verifiable monthly income requirement is 5000 EGP.,policy_061.txt,POL-061,Expat (Remittance),5000
This policy applies to Self-Employed (Professional) applicants purchasing Commercial Trucks vehicles. The interest rate is set at 18.3% with a maximum repayment period of 72 months. Applicants must not exceed a Debt Burden Ratio (DBR) of 60%. Minimum verifiable monthly income requirement is 25000 EGP.,policy_062.txt,POL-062,Self-Employed (Professional),25000
This policy applies to Corporate (Multinational) applicants purchasing Electric/Hybrid vehicles. The interest rate is set at 15.4% with a maximum repayment period of 60 months. Applicants must not exceed a Debt Burden Ratio (DBR) of 35%. Minimum verifiable monthly income requirement is 15000 EGP.,policy_063.txt,POL-063,Corporate (Multinational),15000
This policy applies to Salaried (Private) applicants purchasing New Only vehicles. The interest rate is set at 15.15% with a maximum repayment period of 48 months. Applicants must not exceed a Debt Burden Ratio (DBR) of 55%. Minimum verifiable monthly income requirement is 15000 EGP.,policy_064.txt,POL-064,Salaried (Private),15000
This policy applies to Corporate (Multinational) applicants purchasing Electric/Hybrid vehicles. The interest rate is set at 13.47% with a maximum repayment period of 48 months. Applicants must not exceed a Debt Burden Ratio (DBR) of 50%. Minimum verifiable monthly income requirement is 5000 EGP.,policy_065.txt,POL-065,Corporate (Multinational),5000
This policy applies to Freelancer (Creative) applicants purchasing New Only vehicles. The interest rate is set at 18.32% with a maximum repayment period of 60 months. Applicants must not exceed a Debt Burden Ratio (DBR) of 35%. Minimum verifiable monthly income requirement is 5000 EGP.,policy_066.txt,POL-066,Freelancer (Creative),5000
This policy applies to Retired / Pensioner applicants purchasing Electric/Hybrid vehicles. The interest rate is set at 14.05% with a maximum repayment period of 72 months. Applicants must not exceed a Debt Burden Ratio (DBR) of 35%. Minimum verifiable monthly income requirement is 25000 EGP.,policy_067.txt,POL-067,Retired / Pensioner,25000
This policy applies to Corporate (Local LLC) applicants purchasing Used (Up to 10 yrs) vehicles. The interest rate is set at 16.25% with a maximum repayment period of 48 months. Applicants must not exceed a Debt Burden Ratio (DBR) of 45%. Minimum verifiable monthly income requirement is 10000 EGP.,policy_068.txt,POL-068,Corporate (Local LLC),10000
This policy applies to Corporate (Local LLC) applicants purchasing Used (Up to 5 yrs) vehicles. The interest rate is set at 16.35% with a maximum repayment period of 36 months. Applicants must not exceed a Debt Burden Ratio (DBR) of 55%. Minimum verifiable monthly income requirement is 40000 EGP.,policy_069.txt,POL-069,Corporate (Local LLC),40000
This policy applies to Retired / Pensioner applicants purchasing Commercial Trucks vehicles. The interest rate is set at 15.66% with a maximum repayment period of 36 months. Applicants must not exceed a Debt Burden Ratio (DBR) of 45%. Minimum verifiable monthly income requirement is 7000 EGP.,policy_070.txt,POL-070,Retired / Pensioner,7000
This policy applies to Corporate (Local LLC) applicants purchasing Commercial Trucks vehicles. The interest rate is set at 16.29% with a maximum repayment period of 72 months. Applicants must not exceed a Debt Burden Ratio (DBR) of 35%. Minimum verifiable monthly income requirement is 25000 EGP.,policy_071.txt,POL-071,Corporate (Local LLC),25000
This policy applies to Self-Employed (Commercial) applicants purchasing Commercial Trucks vehicles. The interest rate is set at 20.85% with a maximum repayment period of 60 months. Applicants must not exceed a Debt Burden Ratio (DBR) of 50%. Minimum verifiable monthly income requirement is 5000 EGP.,policy_072.txt,POL-072,Self-Employed (Commercial),5000
This policy applies to Corporate (Multinational) applicants purchasing Commercial Trucks vehicles. The interest rate is set at 14.63% with a maximum repayment period of 60 months. Applicants must not exceed a Debt Burden Ratio (DBR) of 50%. Minimum verifiable monthly income requirement is 7000 EGP.,policy_073.txt,POL-073,Corporate (Multinational),7000
This policy applies to Retired / Pensioner applicants purchasing Commercial Trucks vehicles. The interest rate is set at 16.7% with a maximum repayment period of 84 months. Applicants must not exceed a Debt Burden Ratio (DBR) of 35%. Minimum verifiable monthly income requirement is 5000 EGP.,policy_074.txt,POL-074,Retired / Pensioner,5000
This policy applies to Salaried (Private) applicants purchasing Electric/Hybrid vehicles. The interest rate is set at 12.69% with a maximum repayment period of 96 months. Applicants must not exceed a Debt Burden Ratio (DBR) of 45%. Minimum verifiable monthly income requirement is 15000 EGP.,policy_075.txt,POL-075,Salaried (Private),15000
This policy applies to Salaried (Public Sector) applicants purchasing Commercial Trucks vehicles. The interest rate is set at 15.04% with a maximum repayment period of 48 months. Applicants must not exceed a Debt Burden Ratio (DBR) of 55%. Minimum verifiable monthly income requirement is 25000 EGP.,policy_076.txt,POL-076,Salaried (Public Sector),25000
This policy applies to Salaried (Private) applicants purchasing New Only vehicles. The interest rate is set at 16.78% with a maximum repayment period of 36 months. Applicants must not exceed a Debt Burden Ratio (DBR) of 35%. Minimum verifiable monthly income requirement is 40000 EGP.,policy_077.txt,POL-077,Salaried (Private),40000
This policy applies to Freelancer (Tech) applicants purchasing Used (Up to 5 yrs) vehicles. The interest rate is set at 20.57% with a maximum repayment period of 36 months. Applicants must not exceed a Debt Burden Ratio (DBR) of 40%. Minimum verifiable monthly income requirement is 7000 EGP.,policy_078.txt,POL-078,Freelancer (Tech),7000
This policy applies to Salaried (Public Sector) applicants purchasing Used (Up to 10 yrs) vehicles. The interest rate is set at 18.19% with a maximum repayment period of 36 months. Applicants must not exceed a Debt Burden Ratio (DBR) of 35%. Minimum verifiable monthly income requirement is 10000 EGP.,policy_079.txt,POL-079,Salaried (Public Sector),10000
This policy applies to Freelancer (Tech) applicants purchasing Commercial Trucks vehicles. The interest rate is set at 20.44% with a maximum repayment period of 84 months. Applicants must not exceed a Debt Burden Ratio (DBR) of 50%. Minimum verifiable monthly income requirement is 10000 EGP.,policy_080.txt,POL-080,Freelancer (Tech),10000
This policy applies to Freelancer (Creative) applicants purchasing Used (Up to 10 yrs) vehicles. The interest rate is set at 22.8% with a maximum repayment period of 36 months. Applicants must not exceed a Debt Burden Ratio (DBR) of 40%. Minimum verifiable monthly income requirement is 10000 EGP.,policy_081.txt,POL-081,Freelancer (Creative),10000
This policy applies to Freelancer (Creative) applicants purchasing New Only vehicles. The interest rate is set at 20.43% with a maximum repayment period of 84 months. Applicants must not exceed a Debt Burden Ratio (DBR) of 35%. Minimum verifiable monthly income requirement is 7000 EGP.,policy_082.txt,POL-082,Freelancer (Creative),7000
This policy applies to Freelancer (Tech) applicants purchasing Commercial Trucks vehicles. The interest rate is set at 20.03% with a maximum repayment period of 96 months. Applicants must not exceed a Debt Burden Ratio (DBR) of 60%. Minimum verifiable monthly income requirement is 40000 EGP.,policy_083.txt,POL-083,Freelancer (Tech),40000
This policy applies to Expat (Remittance) applicants purchasing Used (Up to 5 yrs) vehicles. The interest rate is set at 17.49% with a maximum repayment period of 48 months. Applicants must not exceed a Debt Burden Ratio (DBR) of 60%. Minimum verifiable monthly income requirement is 7000 EGP.,policy_084.txt,POL-084,Expat (Remittance),7000
This policy applies to Corporate (Multinational) applicants purchasing Commercial Trucks vehicles. The interest rate is set at 15.78% with a maximum repayment period of 72 months. Applicants must not exceed a Debt Burden Ratio (DBR) of 50%. Minimum verifiable monthly income requirement is 25000 EGP.,policy_085.txt,POL-085,Corporate (Multinational),25000
This policy applies to Salaried (Private) applicants purchasing Used (Up to 10 yrs) vehicles. The interest rate is set at 17.19% with a maximum repayment period of 48 months. Applicants must not exceed a Debt Burden Ratio (DBR) of 40%. Minimum verifiable monthly income requirement is 15000 EGP.,policy_086.txt,POL-086,Salaried (Private),15000
This policy applies to Salaried (Private) applicants purchasing New Only vehicles. The interest rate is set at 14.14% with a maximum repayment period of 48 months. Applicants must not exceed a Debt Burden Ratio (DBR) of 45%. Minimum verifiable monthly income requirement is 40000 EGP.,policy_087.txt,POL-087,Salaried (Private),40000
This policy applies to Retired / Pensioner applicants purchasing New Only vehicles. The interest rate is set at 14.83% with a maximum repayment period of 48 months. Applicants must not exceed a Debt Burden Ratio (DBR) of 50%. Minimum verifiable monthly income requirement is 5000 EGP.,policy_088.txt,POL-088,Retired / Pensioner,5000
This policy applies to Self-Employed (Professional) applicants purchasing Used (Up to 5 yrs) vehicles. The interest rate is set at 20.24% with a maximum repayment period of 72 months. Applicants must not exceed a Debt Burden Ratio (DBR) of 55%. Minimum verifiable monthly income requirement is 7000 EGP.,policy_089.txt,POL-089,Self-Employed (Professional),7000
This policy applies to Salaried (Private) applicants purchasing Electric/Hybrid vehicles. The interest rate is set at 12.61% with a maximum repayment period of 72 months. Applicants must not exceed a Debt Burden Ratio (DBR) of 50%. Minimum verifiable monthly income requirement is 15000 EGP.,policy_090.txt,POL-090,Salaried (Private),15000
This policy applies to Salaried (Public Sector) applicants purchasing Used (Up to 10 yrs) vehicles. The interest rate is set at 16.18% with a maximum repayment period of 60 months. Applicants must not exceed a Debt Burden Ratio (DBR) of 45%. Minimum verifiable monthly income requirement is 15000 EGP.,policy_091.txt,POL-091,Salaried (Public Sector),15000
This policy applies to Corporate (Local LLC) applicants purchasing Electric/Hybrid vehicles. The interest rate is set at 14.85% with a maximum repayment period of 96 months. Applicants must not exceed a Debt Burden Ratio (DBR) of 55%. Minimum verifiable monthly income requirement is 5000 EGP.,policy_092.txt,POL-092,Corporate (Local LLC),5000
This policy applies to Salaried (Private) applicants purchasing Used (Up to 5 yrs) vehicles. The interest rate is set at 18.93% with a maximum repayment period of 60 months. Applicants must not exceed a Debt Burden Ratio (DBR) of 50%. Minimum verifiable monthly income requirement is 25000 EGP.,policy_093.txt,POL-093,Salaried (Private),25000
This policy applies to Retired / Pensioner applicants purchasing Electric/Hybrid vehicles. The interest rate is set at 12.58% with a maximum repayment period of 48 months. Applicants must not exceed a Debt Burden Ratio (DBR) of 60%. Minimum verifiable monthly income requirement is 40000 EGP.,policy_094.txt,POL-094,Retired / Pensioner,40000
This policy applies to Corporate (Local LLC) applicants purchasing Used (Up to 5 yrs) vehicles. The interest rate is set at 17.68% with a maximum repayment period of 96 months. Applicants must not exceed a Debt Burden Ratio (DBR) of 50%. Minimum verifiable monthly income requirement is 10000 EGP.,policy_095.txt,POL-095,Corporate (Local LLC),10000
This policy applies to Salaried (Private) applicants purchasing New Only vehicles. The interest rate is set at 15.41% with a maximum repayment period of 72 months. Applicants must not exceed a Debt Burden Ratio (DBR) of 45%. Minimum verifiable monthly income requirement is 40000 EGP.,policy_096.txt,POL-096,Salaried (Private),40000
This policy applies to Salaried (Public Sector) applicants purchasing New Only vehicles. The interest rate is set at 16.75% with a maximum repayment period of 72 months. Applicants must not exceed a Debt Burden Ratio (DBR) of 45%. Minimum verifiable monthly income requirement is 40000 EGP.,policy_097.txt,POL-097,Salaried (Public Sector),40000
This policy applies to Corporate (Multinational) applicants purchasing Used (Up to 5 yrs) vehicles. The interest rate is set at 17.92% with a maximum repayment period of 36 months. Applicants must not exceed a Debt Burden Ratio (DBR) of 40%. Minimum verifiable monthly income requirement is 10000 EGP.,policy_098.txt,POL-098,Corporate (Multinational),10000
This policy applies to Expat (Remittance) applicants purchasing New Only vehicles. The interest rate is set at 14.97% with a maximum repayment period of 96 months. Applicants must not exceed a Debt Burden Ratio (DBR) of 40%. Minimum verifiable monthly income requirement is 10000 EGP.,policy_099.txt,POL-099,Expat (Remittance),10000
This policy applies to Freelancer (Tech) applicants purchasing Used (Up to 5 yrs) vehicles. The interest rate is set at 22.39% with a maximum repayment period of 96 months. Applicants must not exceed a Debt Burden Ratio (DBR) of 50%. Minimum verifiable monthly income requirement is 40000 EGP.,policy_100.txt,POL-100,Freelancer (Tech),40000
This policy applies to Self-Employed (Professional) applicants purchasing Used (Up to 5 yrs) vehicles. The interest rate is set at 21.4% with a maximum repayment period of 36 months. Applicants must not exceed a Debt Burden Ratio (DBR) of 50%. Minimum verifiable monthly income requirement is 5000 EGP.,policy_101.txt,POL-101,Self-Employed (Professional),5000
This policy applies to Freelancer (Creative) applicants purchasing New Only vehicles. The interest rate is set at 20.62% with a maximum repayment period of 36 months. Applicants must not exceed a Debt Burden Ratio (DBR) of 50%. Minimum verifiable monthly income requirement is 7000 EGP.,policy_102.txt,POL-102,Freelancer (Creative),7000
This policy applies to Retired / Pensioner applicants purchasing New Only vehicles. The interest rate is set at 16.25% with a maximum repayment period of 84 months. Applicants must not exceed a Debt Burden Ratio (DBR) of 55%. Minimum verifiable monthly income requirement is 7000 EGP.,policy_103.txt,POL-103,Retired / Pensioner,7000
This policy applies to Retired / Pensioner applicants purchasing New Only vehicles. The interest rate is set at 14.11% with a maximum repayment period of 60 months. Applicants must not exceed a Debt Burden Ratio (DBR) of 50%. Minimum verifiable monthly income requirement is 7000 EGP.,policy_104.txt,POL-104,Retired / Pensioner,7000
This policy applies to Freelancer (Creative) applicants purchasing Commercial Trucks vehicles. The interest rate is set at 20.43% with a maximum repayment period of 48 months. Applicants must not exceed a Debt Burden Ratio (DBR) of 55%. Minimum verifiable monthly income requirement is 7000 EGP.,policy_105.txt,POL-105,Freelancer (Creative),7000
This policy applies to Freelancer (Creative) applicants purchasing New Only vehicles. The interest rate is set at 20.15% with a maximum repayment period of 48 months. Applicants must not exceed a Debt Burden Ratio (DBR) of 40%. Minimum verifiable monthly income requirement is 15000 EGP.,policy_106.txt,POL-106,Freelancer (Creative),15000
This policy applies to Retired / Pensioner applicants purchasing Electric/Hybrid vehicles. The interest rate is set at 14.91% with a maximum repayment period of 84 months. Applicants must not exceed a Debt Burden Ratio (DBR) of 60%. Minimum verifiable monthly income requirement is 15000 EGP.,policy_107.txt,POL-107,Retired / Pensioner,15000
This policy applies to Salaried (Public Sector) applicants purchasing Commercial Trucks vehicles. The interest rate is set at 16.85% with a maximum repayment period of 48 months. Applicants must not exceed a Debt Burden Ratio (DBR) of 60%. Minimum verifiable monthly income requirement is 10000 EGP.,policy_108.txt,POL-108,Salaried (Public Sector),10000
This policy applies to Salaried (Private) applicants purchasing New Only vehicles. The interest rate is set at 15.39% with a maximum repayment period of 96 months. Applicants must not exceed a Debt Burden Ratio (DBR) of 50%. Minimum verifiable monthly income requirement is 10000 EGP.,policy_109.txt,POL-109,Salaried (Private),10000
This policy applies to Expat (Remittance) applicants purchasing Electric/Hybrid vehicles. The interest rate is set at 13.9% with a maximum repayment period of 72 months. Applicants must not exceed a Debt Burden Ratio (DBR) of 35%. Minimum verifiable monthly income requirement is 7000 EGP.,policy_110.txt,POL-110,Expat (Remittance),7000
This policy applies to Salaried (Public Sector) applicants purchasing Electric/Hybrid vehicles. The interest rate is set at 13.14% with a maximum repayment period of 36 months. Applicants must not exceed a Debt Burden Ratio (DBR) of 60%. Minimum verifiable monthly income requirement is 25000 EGP.,policy_111.txt,POL-111,Salaried (Public Sector),25000
This policy applies to Expat (Remittance) applicants purchasing Commercial Trucks vehicles. The interest rate is set at 14.82% with a maximum repayment period of 84 months. Applicants must not exceed a Debt Burden Ratio (DBR) of 35%. Minimum verifiable monthly income requirement is 5000 EGP.,policy_112.txt,POL-112,Expat (Remittance),5000
This policy applies to Self-Employed (Commercial) applicants purchasing Used (Up to 5 yrs) vehicles. The interest rate is set at 20.25% with a maximum repayment period of 48 months. Applicants must not exceed a Debt Burden Ratio (DBR) of 55%. Minimum verifiable monthly income requirement is 5000 EGP.,policy_113.txt,POL-113,Self-Employed (Commercial),5000
This policy applies to Salaried (Private) applicants purchasing Used (Up to 10 yrs) vehicles. The interest rate is set at 18.57% with a maximum repayment period of 60 months. Applicants must not exceed a Debt Burden Ratio (DBR) of 45%. Minimum verifiable monthly income requirement is 5000 EGP.,policy_114.txt,POL-114,Salaried (Private),5000
This policy applies to Salaried (Public Sector) applicants purchasing New Only vehicles. The interest rate is set at 14.54% with a maximum repayment period of 48 months. Applicants must not exceed a Debt Burden Ratio (DBR) of 55%. Minimum verifiable monthly income requirement is 25000 EGP.,policy_115.txt,POL-115,Salaried (Public Sector),25000
This policy applies to Salaried (Private) applicants purchasing Commercial Trucks vehicles. The interest rate is set at 16.22% with a maximum repayment period of 96 months. Applicants must not exceed a Debt Burden Ratio (DBR) of 45%. Minimum verifiable monthly income requirement is 7000 EGP.,policy_116.txt,POL-116,Salaried (Private),7000
This policy applies to Salaried (Public Sector) applicants purchasing Commercial Trucks vehicles. The interest rate is set at 14.26% with a maximum repayment period of 96 months. Applicants must not exceed a Debt Burden Ratio (DBR) of 40%. Minimum verifiable monthly income requirement is 40000 EGP.,policy_117.txt,POL-117,Salaried (Public Sector),40000
This policy applies to Corporate (Multinational) applicants purchasing Commercial Trucks vehicles. The interest rate is set at 16.4% with a maximum repayment period of 60 months. Applicants must not exceed a Debt Burden Ratio (DBR) of 55%. Minimum verifiable monthly income requirement is 15000 EGP.,policy_118.txt,POL-118,Corporate (Multinational),15000
This policy applies to Corporate (Local LLC) applicants purchasing Electric/Hybrid vehicles. The interest rate is set at 13.73% with a maximum repayment period of 84 months. Applicants must not exceed a Debt Burden Ratio (DBR) of 50%. Minimum verifiable monthly income requirement is 10000 EGP.,policy_119.txt,POL-119,Corporate (Local LLC),10000
This policy applies to Expat (Remittance) applicants purchasing Used (Up to 10 yrs) vehicles. The interest rate is set at 18.68% with a maximum repayment period of 96 months. Applicants must not exceed a Debt Burden Ratio (DBR) of 40%. Minimum verifiable monthly income requirement is 25000 EGP.,policy_120.txt,POL-120,Expat (Remittance),25000
This policy applies to Salaried (Public Sector) applicants purchasing Commercial Trucks vehicles. The interest rate is set at 15.21% with a maximum repayment period of 84 months. Applicants must not exceed a Debt Burden Ratio (DBR) of 35%. Minimum verifiable monthly income requirement is 10000 EGP.,policy_121.txt,POL-121,Salaried (Public Sector),10000
This policy applies to Salaried (Public Sector) applicants purchasing Commercial Trucks vehicles. The interest rate is set at 14.12% with a maximum repayment period of 48 months. Applicants must not exceed a Debt Burden Ratio (DBR) of 35%. Minimum verifiable monthly income requirement is 7000 EGP.,policy_122.txt,POL-122,Salaried (Public Sector),7000
This policy applies to Freelancer (Creative) applicants purchasing New Only vehicles. The interest rate is set at 18.92% with a maximum repayment period of 36 months. Applicants must not exceed a Debt Burden Ratio (DBR) of 50%. Minimum verifiable monthly income requirement is 15000 EGP.,policy_123.txt,POL-123,Freelancer (Creative),15000
This policy applies to Expat (Remittance) applicants purchasing Used (Up to 10 yrs) vehicles. The interest rate is set at 17.94% with a maximum repayment period of 36 months. Applicants must not exceed a Debt Burden Ratio (DBR) of 50%. Minimum verifiable monthly income requirement is 15000 EGP.,policy_124.txt,POL-124,Expat (Remittance),15000
This policy applies to Self-Employed (Commercial) applicants purchasing Electric/Hybrid vehicles. The interest rate is set at 17.55% with a maximum repayment period of 48 months. Applicants must not exceed a Debt Burden Ratio (DBR) of 50%. Minimum verifiable monthly income requirement is 5000 EGP.,policy_125.txt,POL-125,Self-Employed (Commercial),5000
This policy applies to Expat (Remittance) applicants purchasing Commercial Trucks vehicles. The interest rate is set at 15.81% with a maximum repayment period of 96 months. Applicants must not exceed a Debt Burden Ratio (DBR) of 50%. Minimum verifiable monthly income requirement is 5000 EGP.,policy_126.txt,POL-126,Expat (Remittance),5000
This policy applies to Freelancer (Tech) applicants purchasing New Only vehicles. The interest rate is set at 20.66% with a maximum repayment period of 84 months. Applicants must not exceed a Debt Burden Ratio (DBR) of 45%. Minimum verifiable monthly income requirement is 40000 EGP.,policy_127.txt,POL-127,Freelancer (Tech),40000
This policy applies to Freelancer (Tech) applicants purchasing Used (Up to 5 yrs) vehicles. The interest rate is set at 22.22% with a maximum repayment period of 36 months. Applicants must not exceed a Debt Burden Ratio (DBR) of 60%. Minimum verifiable monthly income requirement is 10000 EGP.,policy_128.txt,POL-128,Freelancer (Tech),10000
This policy applies to Self-Employed (Professional) applicants purchasing Commercial Trucks vehicles. The interest rate is set at 20.38% with a maximum repayment period of 60 months. Applicants must not exceed a Debt Burden Ratio (DBR) of 55%. Minimum verifiable monthly income requirement is 7000 EGP.,policy_129.txt,POL-129,Self-Employed (Professional),7000
This policy applies to Expat (Remittance) applicants purchasing Electric/Hybrid vehicles. The interest rate is set at 14.06% with a maximum repayment period of 96 months. Applicants must not exceed a Debt Burden Ratio (DBR) of 60%. Minimum verifiable monthly income requirement is 7000 EGP.,policy_130.txt,POL-130,Expat (Remittance),7000
This policy applies to Salaried (Public Sector) applicants purchasing Commercial Trucks vehicles. The interest rate is set at 14.05% with a maximum repayment period of 60 months. Applicants must not exceed a Debt Burden Ratio (DBR) of 55%. Minimum verifiable monthly income requirement is 15000 EGP.,policy_131.txt,POL-131,Salaried (Public Sector),15000
This policy applies to Self-Employed (Commercial) applicants purchasing Used (Up to 10 yrs) vehicles. The interest rate is set at 21.3% with a maximum repayment period of 60 months. Applicants must not exceed a Debt Burden Ratio (DBR) of 60%. Minimum verifiable monthly income requirement is 5000 EGP.,policy_132.txt,POL-132,Self-Employed (Commercial),5000
This policy applies to Corporate (Multinational) applicants purchasing Electric/Hybrid vehicles. The interest rate is set at 14.12% with a maximum repayment period of 72 months. Applicants must not exceed a Debt Burden Ratio (DBR) of 40%. Minimum verifiable monthly income requirement is 25000 EGP.,policy_133.txt,POL-133,Corporate (Multinational),25000
This policy applies to Salaried (Public Sector) applicants purchasing Used (Up to 10 yrs) vehicles. The interest rate is set at 18.05% with a maximum repayment period of 96 months. Applicants must not exceed a Debt Burden Ratio (DBR) of 60%. Minimum verifiable monthly income requirement is 7000 EGP.,policy_134.txt,POL-134,Salaried (Public Sector),7000
This policy applies to Expat (Remittance) applicants purchasing Used (Up to 5 yrs) vehicles. The interest rate is set at 18.72% with a maximum repayment period of 48 months. Applicants must not exceed a Debt Burden Ratio (DBR) of 55%. Minimum verifiable monthly income requirement is 40000 EGP.,policy_135.txt,POL-135,Expat (Remittance),40000
This policy applies to Corporate (Local LLC) applicants purchasing New Only vehicles. The interest rate is set at 15.36% with a maximum repayment period of 60 months. Applicants must not exceed a Debt Burden Ratio (DBR) of 60%. Minimum verifiable monthly income requirement is 25000 EGP.,policy_136.txt,POL-136,Corporate (Local LLC),25000
This policy applies to Freelancer (Tech) applicants purchasing Used (Up to 5 yrs) vehicles. The interest rate is set at 22.39% with a maximum repayment period of 48 months. Applicants must not exceed a Debt Burden Ratio (DBR) of 40%. Minimum verifiable monthly income requirement is 40000 EGP.,policy_137.txt,POL-137,Freelancer (Tech),40000
This policy applies to Salaried (Private) applicants purchasing Electric/Hybrid vehicles. The interest rate is set at 12.81% with a maximum repayment period of 84 months. Applicants must not exceed a Debt Burden Ratio (DBR) of 60%. Minimum verifiable monthly income requirement is 5000 EGP.,policy_138.txt,POL-138,Salaried (Private),5000
This policy applies to Freelancer (Creative) applicants purchasing Used (Up to 10 yrs) vehicles. The interest rate is set at 22.96% with a maximum repayment period of 36 months. Applicants must not exceed a Debt Burden Ratio (DBR) of 55%. Minimum verifiable monthly income requirement is 10000 EGP.,policy_139.txt,POL-139,Freelancer (Creative),10000
This policy applies to Self-Employed (Commercial) applicants purchasing Electric/Hybrid vehicles. The interest rate is set at 18.09% with a maximum repayment period of 96 months. Applicants must not exceed a Debt Burden Ratio (DBR) of 55%. Minimum verifiable monthly income requirement is 7000 EGP.,policy_140.txt,POL-140,Self-Employed (Commercial),7000
This policy applies to Corporate (Multinational) applicants purchasing New Only vehicles. The interest rate is set at 14.06% with a maximum repayment period of 48 months. Applicants must not exceed a Debt Burden Ratio (DBR) of 60%. Minimum verifiable monthly income requirement is 5000 EGP.,policy_141.txt,POL-141,Corporate (Multinational),5000
This policy applies to Salaried (Public Sector) applicants purchasing New Only vehicles. The interest rate is set at 16.1% with a maximum repayment period of 48 months. Applicants must not exceed a Debt Burden Ratio (DBR) of 40%. Minimum verifiable monthly income requirement is 25000 EGP.,policy_142.txt,POL-142,Salaried (Public Sector),25000
This policy applies to Freelancer (Creative) applicants purchasing New Only vehicles. The interest rate is set at 18.53% with a maximum repayment period of 72 months. Applicants must not exceed a Debt Burden Ratio (DBR) of 55%. Minimum verifiable monthly income requirement is 40000 EGP.,policy_143.txt,POL-143,Freelancer (Creative),40000
This policy applies to Corporate (Local LLC) applicants purchasing Used (Up to 5 yrs) vehicles. The interest rate is set at 18.79% with a maximum repayment period of 84 months. Applicants must not exceed a Debt Burden Ratio (DBR) of 45%. Minimum verifiable monthly income requirement is 10000 EGP.,policy_144.txt,POL-144,Corporate (Local LLC),10000
This policy applies to Corporate (Multinational) applicants purchasing Electric/Hybrid vehicles. The interest rate is set at 13.33% with a maximum repayment period of 72 months. Applicants must not exceed a Debt Burden Ratio (DBR) of 50%. Minimum verifiable monthly income requirement is 5000 EGP.,policy_145.txt,POL-145,Corporate (Multinational),5000
This policy applies to Salaried (Public Sector) applicants purchasing Commercial Trucks vehicles. The interest rate is set at 15.32% with a maximum repayment period of 48 months. Applicants must not exceed a Debt Burden Ratio (DBR) of 35%. Minimum verifiable monthly income requirement is 25000 EGP.,policy_146.txt,POL-146,Salaried (Public Sector),25000
This policy applies to Self-Employed (Commercial) applicants purchasing Commercial Trucks vehicles. The interest rate is set at 20.34% with a maximum repayment period of 72 months. Applicants must not exceed a Debt Burden Ratio (DBR) of 50%. Minimum verifiable monthly income requirement is 5000 EGP.,policy_147.txt,POL-147,Self-Employed (Commercial),5000
This policy applies to Corporate (Multinational) applicants purchasing Used (Up to 10 yrs) vehicles. The interest rate is set at 17.53% with a maximum repayment period of 84 months. Applicants must not exceed a Debt Burden Ratio (DBR) of 45%. Minimum verifiable monthly income requirement is 10000 EGP.,policy_148.txt,POL-148,Corporate (Multinational),10000
This policy applies to Salaried (Public Sector) applicants purchasing New Only vehicles. The interest rate is set at 15.65% with a maximum repayment period of 48 months. Applicants must not exceed a Debt Burden Ratio (DBR) of 55%. Minimum verifiable monthly income requirement is 15000 EGP.,policy_149.txt,POL-149,Salaried (Public Sector),15000
This policy applies to Corporate (Local LLC) applicants purchasing New Only vehicles. The interest rate is set at 16.25% with a maximum repayment period of 72 months. Applicants must not exceed a Debt Burden Ratio (DBR) of 45%. Minimum verifiable monthly income requirement is 15000 EGP.,policy_150.txt,POL-150,Corporate (Local LLC),15000
This policy applies to Salaried (Public Sector) applicants purchasing Electric/Hybrid vehicles. The interest rate is set at 13.67% with a maximum repayment period of 36 months. Applicants must not exceed a Debt Burden Ratio (DBR) of 50%. Minimum verifiable monthly income requirement is 25000 EGP.,policy_151.txt,POL-151,Salaried (Public Sector),25000
This policy applies to Self-Employed (Commercial) applicants purchasing Commercial Trucks vehicles. The interest rate is set at 20.71% with a maximum repayment period of 48 months. Applicants must not exceed a Debt Burden Ratio (DBR) of 45%. Minimum verifiable monthly income requirement is 5000 EGP.,policy_152.txt,POL-152,Self-Employed (Commercial),5000
This policy applies to Corporate (Multinational) applicants purchasing Used (Up to 5 yrs) vehicles. The interest rate is set at 16.78% with a maximum repayment period of 60 months. Applicants must not exceed a Debt Burden Ratio (DBR) of 55%. Minimum verifiable monthly income requirement is 5000 EGP.,policy_153.txt,POL-153,Corporate (Multinational),5000
This policy applies to Expat (Remittance) applicants purchasing Electric/Hybrid vehicles. The interest rate is set at 14.26% with a maximum repayment period of 48 months. Applicants must not exceed a Debt Burden Ratio (DBR) of 40%. Minimum verifiable monthly income requirement is 25000 EGP.,policy_154.txt,POL-154,Expat (Remittance),25000
This policy applies to Salaried (Private) applicants purchasing Used (Up to 5 yrs) vehicles. The interest rate is set at 18.06% with a maximum repayment period of 36 months. Applicants must not exceed a Debt Burden Ratio (DBR) of 40%. Minimum verifiable monthly income requirement is 40000 EGP.,policy_155.txt,POL-155,Salaried (Private),40000
This policy applies to Corporate (Multinational) applicants purchasing Used (Up to 5 yrs) vehicles. The interest rate is set at 16.04% with a maximum repayment period of 36 months. Applicants must not exceed a Debt Burden Ratio (DBR) of 50%. Minimum verifiable monthly income requirement is 5000 EGP.,policy_156.txt,POL-156,Corporate (Multinational),5000
This policy applies to Self-Employed (Commercial) applicants purchasing Electric/Hybrid vehicles. The interest rate is set at 19.34% with a maximum repayment period of 36 months. Applicants must not exceed a Debt Burden Ratio (DBR) of 55%. Minimum verifiable monthly income requirement is 5000 EGP.,policy_157.txt,POL-157,Self-Employed (Commercial),5000
This policy applies to Freelancer (Creative) applicants purchasing Used (Up to 5 yrs) vehicles. The interest rate is set at 22.27% with a maximum repayment period of 36 months. Applicants must not exceed a Debt Burden Ratio (DBR) of 35%. Minimum verifiable monthly income requirement is 15000 EGP.,policy_158.txt,POL-158,Freelancer (Creative),15000
This policy applies to Self-Employed (Professional) applicants purchasing New Only vehicles. The interest rate is set at 18.36% with a maximum repayment period of 96 months. Applicants must not exceed a Debt Burden Ratio (DBR) of 60%. Minimum verifiable monthly income requirement is 25000 EGP.,policy_159.txt,POL-159,Self-Employed (Professional),25000
This policy applies to Corporate (Multinational) applicants purchasing New Only vehicles. The interest rate is set at 16.04% with a maximum repayment period of 84 months. Applicants must not exceed a Debt Burden Ratio (DBR) of 60%. Minimum verifiable monthly income requirement is 15000 EGP.,policy_160.txt,POL-160,Corporate (Multinational),15000
This policy applies to Salaried (Public Sector) applicants purchasing Electric/Hybrid vehicles. The interest rate is set at 13.21% with a maximum repayment period of 60 months. Applicants must not exceed a Debt Burden Ratio (DBR) of 40%. Minimum verifiable monthly income requirement is 7000 EGP.,policy_161.txt,POL-161,Salaried (Public Sector),7000
This policy applies to Self-Employed (Commercial) applicants purchasing New Only vehicles. The interest rate is set at 20.33% with a maximum repayment period of 96 months. Applicants must not exceed a Debt Burden Ratio (DBR) of 55%. Minimum verifiable monthly income requirement is 15000 EGP.,policy_162.txt,POL-162,Self-Employed (Commercial),15000
This policy applies to Corporate (Multinational) applicants purchasing Used (Up to 5 yrs) vehicles. The interest rate is set at 17.45% with a maximum repayment period of 96 months. Applicants must not exceed a Debt Burden Ratio (DBR) of 60%. Minimum verifiable monthly income requirement is 7000 EGP.,policy_163.txt,POL-163,Corporate (Multinational),7000
This policy applies to Freelancer (Tech) applicants purchasing Commercial Trucks vehicles. The interest rate is set at 18.05% with a maximum repayment period of 36 months. Applicants must not exceed a Debt Burden Ratio (DBR) of 40%. Minimum verifiable monthly income requirement is 7000 EGP.,policy_164.txt,POL-164,Freelancer (Tech),7000
This policy applies to Corporate (Multinational) applicants purchasing Electric/Hybrid vehicles. The interest rate is set at 14.18% with a maximum repayment period of 48 months. Applicants must not exceed a Debt Burden Ratio (DBR) of 35%. Minimum verifiable monthly income requirement is 10000 EGP.,policy_165.txt,POL-165,Corporate (Multinational),10000
This policy applies to Corporate (Multinational) applicants purchasing Commercial Trucks vehicles. The interest rate is set at 14.95% with a maximum repayment period of 60 months. Applicants must not exceed a Debt Burden Ratio (DBR) of 60%. Minimum verifiable monthly income requirement is 25000 EGP.,policy_166.txt,POL-166,Corporate (Multinational),25000
This policy applies to Freelancer (Tech) applicants purchasing Used (Up to 5 yrs) vehicles. The interest rate is set at 22.21% with a maximum repayment period of 72 months. Applicants must not exceed a Debt Burden Ratio (DBR) of 40%. Minimum verifiable monthly income requirement is 7000 EGP.,policy_167.txt,POL-167,Freelancer (Tech),7000
This policy applies to Freelancer (Creative) applicants purchasing Used (Up to 10 yrs) vehicles. The interest rate is set at 20.87% with a maximum repayment period of 96 months. Applicants must not exceed a Debt Burden Ratio (DBR) of 40%. Minimum verifiable monthly income requirement is 7000 EGP.,policy_168.txt,POL-168,Freelancer (Creative),7000
This policy applies to Expat (Remittance) applicants purchasing Commercial Trucks vehicles. The interest rate is set at 15.18% with a maximum repayment period of 60 months. Applicants must not exceed a Debt Burden Ratio (DBR) of 60%. Minimum verifiable monthly income requirement is 5000 EGP.,policy_169.txt,POL-169,Expat (Remittance),5000
This policy applies to Corporate (Multinational) applicants purchasing Used (Up to 10 yrs) vehicles. The interest rate is set at 16.61% with a maximum repayment period of 84 months. Applicants must not exceed a Debt Burden Ratio (DBR) of 55%. Minimum verifiable monthly income requirement is 7000 EGP.,policy_170.txt,POL-170,Corporate (Multinational),7000
This policy applies to Self-Employed (Commercial) applicants purchasing Commercial Trucks vehicles. The interest rate is set at 20.64% with a maximum repayment period of 84 months. Applicants must not exceed a Debt Burden Ratio (DBR) of 55%. Minimum verifiable monthly income requirement is 15000 EGP.,policy_171.txt,POL-171,Self-Employed (Commercial),15000
This policy applies to Retired / Pensioner applicants purchasing New Only vehicles. The interest rate is set at 16.05% with a maximum repayment period of 72 months. Applicants must not exceed a Debt Burden Ratio (DBR) of 45%. Minimum verifiable monthly income requirement is 25000 EGP.,policy_172.txt,POL-172,Retired / Pensioner,25000
This policy applies to Self-Employed (Professional) applicants purchasing Electric/Hybrid vehicles. The interest rate is set at 17.25% with a maximum repayment period of 72 months. Applicants must not exceed a Debt Burden Ratio (DBR) of 60%. Minimum verifiable monthly income requirement is 15000 EGP.,policy_173.txt,POL-173,Self-Employed (Professional),15000
This policy applies to Self-Employed (Professional) applicants purchasing Commercial Trucks vehicles. The interest rate is set at 20.16% with a maximum repayment period of 72 months. Applicants must not exceed a Debt Burden Ratio (DBR) of 45%. Minimum verifiable monthly income requirement is 40000 EGP.,policy_174.txt,POL-174,Self-Employed (Professional),40000
This policy applies to Salaried (Private) applicants purchasing New Only vehicles. The interest rate is set at 15.73% with a maximum repayment period of 60 months. Applicants must not exceed a Debt Burden Ratio (DBR) of 60%. Minimum verifiable monthly income requirement is 10000 EGP.,policy_175.txt,POL-175,Salaried (Private),10000
This policy applies to Expat (Remittance) applicants purchasing Electric/Hybrid vehicles. The interest rate is set at 12.54% with a maximum repayment period of 48 months. Applicants must not exceed a Debt Burden Ratio (DBR) of 45%. Minimum verifiable monthly income requirement is 40000 EGP.,policy_176.txt,POL-176,Expat (Remittance),40000
This policy applies to Salaried (Public Sector) applicants purchasing New Only vehicles. The interest rate is set at 15.69% with a maximum repayment period of 96 months. Applicants must not exceed a Debt Burden Ratio (DBR) of 55%. Minimum verifiable monthly income requirement is 40000 EGP.,policy_177.txt,POL-177,Salaried (Public Sector),40000
This policy applies to Salaried (Public Sector) applicants purchasing Used (Up to 10 yrs) vehicles. The interest rate is set at 16.25% with a maximum repayment period of 84 months. Applicants must not exceed a Debt Burden Ratio (DBR) of 35%. Minimum verifiable monthly income requirement is 7000 EGP.,policy_178.txt,POL-178,Salaried (Public Sector),7000
This policy applies to Retired / Pensioner applicants purchasing New Only vehicles. The interest rate is set at 16.02% with a maximum repayment period of 60 months. Applicants must not exceed a Debt Burden Ratio (DBR) of 55%. Minimum verifiable monthly income requirement is 25000 EGP.,policy_179.txt,POL-179,Retired / Pensioner,25000
This policy applies to Freelancer (Creative) applicants purchasing Used (Up to 5 yrs) vehicles. The interest rate is set at 20.1% with a maximum repayment period of 96 months. Applicants must not exceed a Debt Burden Ratio (DBR) of 35%. Minimum verifiable monthly income requirement is 40000 EGP.,policy_180.txt,POL-180,Freelancer (Creative),40000
This policy applies to Corporate (Multinational) applicants purchasing Used (Up to 10 yrs) vehicles. The interest rate is set at 18.79% with a maximum repayment period of 96 months. Applicants must not exceed a Debt Burden Ratio (DBR) of 35%. Minimum verifiable monthly income requirement is 15000 EGP.,policy_181.txt,POL-181,Corporate (Multinational),15000
This policy applies to Salaried (Public Sector) applicants purchasing Electric/Hybrid vehicles. The interest rate is set at 14.28% with a maximum repayment period of 36 months. Applicants must not exceed a Debt Burden Ratio (DBR) of 40%. Minimum verifiable monthly income requirement is 15000 EGP.,policy_182.txt,POL-182,Salaried (Public Sector),15000
This policy applies to Retired / Pensioner applicants purchasing Used (Up to 10 yrs) vehicles. The interest rate is set at 18.26% with a maximum repayment period of 36 months. Applicants must not exceed a Debt Burden Ratio (DBR) of 40%. Minimum verifiable monthly income requirement is 5000 EGP.,policy_183.txt,POL-183,Retired / Pensioner,5000
This policy applies to Salaried (Private) applicants purchasing Commercial Trucks vehicles. The interest rate is set at 16.49% with a maximum repayment period of 48 months. Applicants must not exceed a Debt Burden Ratio (DBR) of 35%. Minimum verifiable monthly income requirement is 15000 EGP.,policy_184.txt,POL-184,Salaried (Private),15000
This policy applies to Salaried (Public Sector) applicants purchasing Commercial Trucks vehicles. The interest rate is set at 16.11% with a maximum repayment period of 96 months. Applicants must not exceed a Debt Burden Ratio (DBR) of 55%. Minimum verifiable monthly income requirement is 5000 EGP.,policy_185.txt,POL-185,Salaried (Public Sector),5000
This policy applies to Expat (Remittance) applicants purchasing Commercial Trucks vehicles. The interest rate is set at 14.36% with a maximum repayment period of 84 months. Applicants must not exceed a Debt Burden Ratio (DBR) of 50%. Minimum verifiable monthly income requirement is 7000 EGP.,policy_186.txt,POL-186,Expat (Remittance),7000
This policy applies to Salaried (Private) applicants purchasing Used (Up to 5 yrs) vehicles. The interest rate is set at 18.49% with a maximum repayment period of 72 months. Applicants must not exceed a Debt Burden Ratio (DBR) of 60%. Minimum verifiable monthly income requirement is 15000 EGP.,policy_187.txt,POL-187,Salaried (Private),15000
This policy applies to Expat (Remittance) applicants purchasing New Only vehicles. The interest rate is set at 15.98% with a maximum repayment period of 36 months. Applicants must not exceed a Debt Burden Ratio (DBR) of 45%. Minimum verifiable monthly income requirement is 15000 EGP.,policy_188.txt,POL-188,Expat (Remittance),15000
This policy applies to Salaried (Public Sector) applicants purchasing New Only vehicles. The interest rate is set at 14.26% with a maximum repayment period of 36 months. Applicants must not exceed a Debt Burden Ratio (DBR) of 60%. Minimum verifiable monthly income requirement is 7000 EGP.,policy_189.txt,POL-189,Salaried (Public Sector),7000
This policy applies to Self-Employed (Professional) applicants purchasing Commercial Trucks vehicles. The interest rate is set at 19.74% with a maximum repayment period of 96 months. Applicants must not exceed a Debt Burden Ratio (DBR) of 50%. Minimum verifiable monthly income requirement is 15000 EGP.,policy_190.txt,POL-190,Self-Employed (Professional),15000
This policy applies to Freelancer (Tech) applicants purchasing Commercial Trucks vehicles. The interest rate is set at 19.77% with a maximum repayment period of 84 months. Applicants must not exceed a Debt Burden Ratio (DBR) of 35%. Minimum verifiable monthly income requirement is 40000 EGP.,policy_191.txt,POL-191,Freelancer (Tech),40000
This policy applies to Retired / Pensioner applicants purchasing Used (Up to 10 yrs) vehicles. The interest rate is set at 17.56% with a maximum repayment period of 72 months. Applicants must not exceed a Debt Burden Ratio (DBR) of 40%. Minimum verifiable monthly income requirement is 40000 EGP.,policy_192.txt,POL-192,Retired / Pensioner,40000
This policy applies to Self-Employed (Commercial) applicants purchasing Used (Up to 10 yrs) vehicles. The interest rate is set at 22.02% with a maximum repayment period of 72 months. Applicants must not exceed a Debt Burden Ratio (DBR) of 50%. Minimum verifiable monthly income requirement is 5000 EGP.,policy_193.txt,POL-193,Self-Employed (Commercial),5000
This policy applies to Freelancer (Tech) applicants purchasing Electric/Hybrid vehicles. The interest rate is set at 19.26% with a maximum repayment period of 72 months. Applicants must not exceed a Debt Burden Ratio (DBR) of 55%. Minimum verifiable monthly income requirement is 25000 EGP.,policy_194.txt,POL-194,Freelancer (Tech),25000
This policy applies to Salaried (Public Sector) applicants purchasing New Only vehicles. The interest rate is set at 16.98% with a maximum repayment period of 48 months. Applicants must not exceed a Debt Burden Ratio (DBR) of 35%. Minimum verifiable monthly income requirement is 40000 EGP.,policy_195.txt,POL-195,Salaried (Public Sector),40000
This policy applies to Self-Employed (Commercial) applicants purchasing Used (Up to 10 yrs) vehicles. The interest rate is set at 21.34% with a maximum repayment period of 48 months. Applicants must not exceed a Debt Burden Ratio (DBR) of 45%. Minimum verifiable monthly income requirement is 40000 EGP.,policy_196.txt,POL-196,Self-Employed (Commercial),40000
This policy applies to Self-Employed (Commercial) applicants purchasing Commercial Trucks vehicles. The interest rate is set at 19.16% with a maximum repayment period of 36 months. Applicants must not exceed a Debt Burden Ratio (DBR) of 55%. Minimum verifiable monthly income requirement is 5000 EGP.,policy_197.txt,POL-197,Self-Employed (Commercial),5000
This policy applies to Retired / Pensioner applicants purchasing Used (Up to 5 yrs) vehicles. The interest rate is set at 18.09% with a maximum repayment period of 60 months. Applicants must not exceed a Debt Burden Ratio (DBR) of 60%. Minimum verifiable monthly income requirement is 5000 EGP.,policy_198.txt,POL-198,Retired / Pensioner,5000
This policy applies to Freelancer (Tech) applicants purchasing Commercial Trucks vehicles. The interest rate is set at 19.03% with a maximum repayment period of 60 months. Applicants must not exceed a Debt Burden Ratio (DBR) of 35%. Minimum verifiable monthly income requirement is 15000 EGP.,policy_199.txt,POL-199,Freelancer (Tech),15000
This policy applies to Salaried (Public Sector) applicants purchasing Commercial Trucks vehicles. The interest rate is set at 16.91% with a maximum repayment period of 84 months. Applicants must not exceed a Debt Burden Ratio (DBR) of 45%. Minimum verifiable monthly income requirement is 40000 EGP.,policy_200.txt,POL-200,Salaried (Public Sector),40000
